"冠号","里程","左侧填挖","左侧挡墙","左侧护墙","左侧一级边坡坡率","左侧一级边坡高度","左侧一级边坡平台","左侧二级边坡坡率","左侧二级边坡高度","左侧二级边坡平台","左侧三级边坡坡率","左侧三级边坡高度","左侧三级边坡平台","左侧四级边坡坡率","左侧四级边坡高度","左侧四级边坡平台","右侧填挖","右侧挡墙","右侧护墙","右侧一级边坡坡率","右侧一级边坡高度","右侧一级边坡平台","右侧二级边坡坡率","右侧二级边坡高度","右侧二级边坡平台","右侧三级边坡坡率","右侧三级边坡高度","右侧三级边坡平台","右侧四级边坡坡率","右侧四级边坡高度","右侧四级边坡平台"
"AK",10740.00,2,0,0,14.14,10.00,.33,.00,.00,.00,.00,.00,.00,.00,.00,.00,,,,14.14,10.00,2.00,14.14,10.00,2.00,3.47,2.45,.00,.00,.00,.00
"AK",10750.00,2,0,0,14.14,10.00,.41,.00,.00,.00,.00,.00,.00,.00,.00,.00,,,,14.14,10.00,2.00,14.14,10.00,2.00,10.31,7.29,.00,.00,.00,.00
"AK",10760.00,2,0,0,14.14,10.00,2.00,.68,.48,.00,.00,.00,.00,.00,.00,.00,,,,14.14,10.00,2.00,14.14,10.00,2.00,14.14,10.00,2.00,5.01,3.54,.00
"AK",10770.00,2,0,0,14.14,10.00,2.00,3.11,2.20,.00,.00,.00,.00,.00,.00,.00,,,,14.14,10.00,2.00,14.14,10.00,2.00,14.14,10.00,2.00,13.78,9.75,.00
"AK",10780.00,2,0,0,14.14,10.00,2.00,5.13,3.62,.00,.00,.00,.00,.00,.00,.00,,,,14.14,10.00,2.00,14.14,10.00,2.00,14.14,10.00,2.00,23.81,16.83,.00
"AK",10790.00,2,0,0,14.14,10.00,2.00,6.68,4.72,.00,.00,.00,.00,.00,.00,.00,,,,14.14,10.00,2.00,14.14,10.00,2.00,14.14,10.00,2.00,31.77,22.46,.00
"AK",10800.00,2,0,0,14.14,10.00,2.00,8.12,5.74,.00,.00,.00,.00,.00,.00,.00,,,,14.14,10.00,2.00,14.14,10.00,2.00,14.14,10.00,2.00,35.97,25.43,.00
"AK",10810.00,2,0,0,14.14,10.00,2.00,9.63,6.81,.00,.00,.00,.00,.00,.00,.00,,,,14.14,10.00,2.00,14.14,10.00,2.00,14.14,10.00,2.00,39.88,28.20,.00
"AK",10820.00,2,0,0,14.14,10.00,2.00,9.98,7.06,.00,.00,.00,.00,.00,.00,.00,,,,14.14,10.00,2.00,14.14,10.00,2.00,14.14,10.00,2.00,43.90,31.04,.00
"AK",10830.00,2,0,0,14.14,10.00,2.00,8.16,5.77,.00,.00,.00,.00,.00,.00,.00,,,,14.14,10.00,2.00,14.14,10.00,2.00,14.14,10.00,2.00,48.03,33.96,.00
"AK",10840.00,2,0,0,14.14,10.00,2.00,6.34,4.48,.00,.00,.00,.00,.00,.00,.00,,,,14.14,10.00,2.00,14.14,10.00,2.00,14.14,10.00,2.00,51.52,36.43,.00
"AK",10850.00,2,0,0,14.14,10.00,2.00,4.83,3.41,.00,.00,.00,.00,.00,.00,.00,,,,14.14,10.00,2.00,14.14,10.00,2.00,14.14,10.00,2.00,51.64,36.52,.00
"AK",10860.00,2,0,0,14.14,10.00,2.00,4.14,2.93,.00,.00,.00,.00,.00,.00,.00,,,,14.14,10.00,2.00,14.14,10.00,2.00,14.14,10.00,2.00,48.97,34.62,.00
"AK",10870.00,2,0,0,14.14,10.00,2.00,5.40,3.82,.00,.00,.00,.00,.00,.00,.00,,,,14.14,10.00,2.00,14.14,10.00,2.00,14.14,10.00,2.00,43.37,30.67,.00
"AK",10880.00,2,0,0,14.14,10.00,2.00,7.16,5.06,.00,.00,.00,.00,.00,.00,.00,,,,14.14,10.00,2.00,14.14,10.00,2.00,14.14,10.00,2.00,37.83,26.75,.00
"AK",10890.00,2,0,0,14.14,10.00,2.00,9.04,6.39,.00,.00,.00,.00,.00,.00,.00,,,,14.14,10.00,2.00,14.14,10.00,2.00,14.14,10.00,2.00,32.33,22.86,.00
"AK",10900.00,2,0,0,14.14,10.00,2.00,10.97,7.75,.00,.00,.00,.00,.00,.00,.00,,,,14.14,10.00,2.00,14.14,10.00,2.00,14.14,10.00,2.00,26.88,19.01,.00
"AK",10910.00,2,0,0,14.14,10.00,2.00,12.94,9.15,.00,.00,.00,.00,.00,.00,.00,,,,14.14,10.00,2.00,14.14,10.00,2.00,14.14,10.00,2.00,23.65,16.72,.00
"AK",10920.00,2,0,0,14.14,10.00,2.00,14.14,10.00,2.00,.12,.08,.00,.00,.00,.00,,,,14.14,10.00,2.00,14.14,10.00,2.00,14.14,10.00,2.00,25.27,17.87,.00
"AK",10930.00,2,0,0,14.14,10.00,2.00,14.14,10.00,2.00,.54,.38,.00,.00,.00,.00,,,,14.14,10.00,2.00,14.14,10.00,2.00,14.14,10.00,2.00,26.96,19.06,.00
"AK",10940.00,2,0,0,14.14,10.00,2.00,14.14,10.00,2.00,1.00,.71,.00,.00,.00,.00,,,,14.14,10.00,2.00,14.14,10.00,2.00,14.14,10.00,2.00,27.29,19.30,.00
"AK",10950.00,2,0,0,14.14,10.00,2.00,14.14,10.00,2.00,1.33,.94,.00,.00,.00,.00,,,,14.14,10.00,2.00,14.14,10.00,2.00,14.14,10.00,2.00,27.60,19.52,.00
"AK",10960.00,2,0,0,14.14,10.00,2.00,14.14,10.00,2.00,1.22,.86,.00,.00,.00,.00,,,,14.14,10.00,2.00,14.14,10.00,2.00,14.14,10.00,2.00,26.65,18.84,.00
"AK",10970.00,2,0,0,14.14,10.00,2.00,14.14,10.00,2.00,1.70,1.20,.00,.00,.00,.00,,,,14.14,10.00,2.00,14.14,10.00,2.00,14.14,10.00,2.00,19.48,13.77,.00
"AK",10980.00,2,0,0,14.14,10.00,2.00,14.14,10.00,2.00,1.14,.81,.00,.00,.00,.00,,,,14.14,10.00,2.00,14.14,10.00,2.00,14.14,10.00,2.00,11.78,8.33,.00
"AK",10990.00,2,0,0,14.14,10.00,2.00,14.14,10.00,2.00,.62,.43,.00,.00,.00,.00,,,,14.14,10.00,2.00,14.14,10.00,2.00,14.14,10.00,2.00,4.05,2.86,.00
"AK",11000.00,2,0,0,14.14,10.00,2.00,13.07,9.24,.00,.00,.00,.00,.00,.00,.00,,,,14.14,10.00,2.00,14.14,10.00,2.00,9.09,6.43,.00,.00,.00,.00
"AK",11010.00,2,0,0,14.14,10.00,2.00,8.51,6.02,.00,.00,.00,.00,.00,.00,.00,,,,14.14,10.00,2.00,14.07,9.95,.00,.00,.00,.00,.00,.00,.00
"AK",11020.00,2,0,0,14.14,10.00,2.00,3.87,2.73,.00,.00,.00,.00,.00,.00,.00,,,,14.14,10.00,2.00,9.20,6.50,.00,.00,.00,.00,.00,.00,.00
"AK",11030.00,2,0,0,13.93,9.85,.00,.00,.00,.00,.00,.00,.00,.00,.00,.00,,,,14.14,10.00,2.00,14.14,10.00,2.00,6.89,4.87,.00,.00,.00,.00
"AK",11040.00,2,0,0,9.27,6.56,.00,.00,.00,.00,.00,.00,.00,.00,.00,.00,,,,14.14,10.00,2.00,14.14,10.00,2.00,14.14,10.00,2.00,2.05,1.44,.00
"AK",11050.00,2,0,0,9.18,6.49,.00,.00,.00,.00,.00,.00,.00,.00,.00,.00,,,,14.14,10.00,2.00,14.14,10.00,2.00,14.14,10.00,2.00,7.15,5.05,.00
"AK",11060.00,2,0,0,11.86,8.38,.00,.00,.00,.00,.00,.00,.00,.00,.00,.00,,,,14.14,10.00,2.00,14.14,10.00,2.00,14.14,10.00,2.00,12.32,8.71,.00
"AK",11070.00,2,0,0,14.14,10.00,1.97,.00,.00,.00,.00,.00,.00,.00,.00,.00,,,,14.14,10.00,2.00,14.14,10.00,2.00,14.14,10.00,2.00,17.95,12.69,.00
"AK",11080.00,2,0,0,14.14,10.00,2.00,4.42,3.13,.00,.00,.00,.00,.00,.00,.00,,,,14.14,10.00,2.00,14.14,10.00,2.00,14.14,10.00,2.00,24.47,17.30,.00
"AK",11090.00,2,0,0,14.14,10.00,2.00,8.97,6.34,.00,.00,.00,.00,.00,.00,.00,,,,14.14,10.00,2.00,14.14,10.00,2.00,14.14,10.00,2.00,29.71,21.01,.00
"AK",11100.00,2,0,0,14.14,10.00,2.00,11.86,8.38,.00,.00,.00,.00,.00,.00,.00,,,,14.14,10.00,2.00,14.14,10.00,2.00,14.14,10.00,2.00,33.50,23.69,.00
"AK",11110.00,2,0,0,14.14,10.00,2.00,14.14,10.00,2.00,2.05,1.45,.00,.00,.00,.00,,,,14.14,10.00,2.00,14.14,10.00,2.00,14.14,10.00,2.00,37.29,26.37,.00
"AK",11120.00,2,0,0,14.14,10.00,2.00,14.14,10.00,2.00,7.12,5.04,.00,.00,.00,.00,,,,14.14,10.00,2.00,14.14,10.00,2.00,14.14,10.00,2.00,38.17,26.99,.00
"AK",11130.00,2,0,0,14.14,10.00,2.00,14.14,10.00,2.00,6.19,4.37,.00,.00,.00,.00,,,,14.14,10.00,2.00,14.14,10.00,2.00,14.14,10.00,2.00,38.39,27.15,.00
"AK",11140.00,2,0,0,14.14,10.00,2.00,14.14,10.00,2.00,5.26,3.72,.00,.00,.00,.00,,,,14.14,10.00,2.00,14.14,10.00,2.00,14.14,10.00,2.00,35.86,25.36,.00
"AK",11150.00,2,0,0,14.14,10.00,2.00,14.14,10.00,2.00,4.87,3.44,.00,.00,.00,.00,,,,14.14,10.00,2.00,14.14,10.00,2.00,14.14,10.00,2.00,33.42,23.63,.00
"AK",11160.00,2,0,0,14.14,10.00,2.00,14.14,10.00,2.00,4.68,3.31,.00,.00,.00,.00,,,,14.14,10.00,2.00,14.14,10.00,2.00,14.14,10.00,2.00,30.73,21.73,.00
"AK",11170.00,2,0,0,14.14,10.00,2.00,14.14,10.00,2.00,4.51,3.19,.00,.00,.00,.00,,,,14.14,10.00,2.00,14.14,10.00,2.00,14.14,10.00,2.00,28.00,19.80,.00
"AK",11180.00,2,0,0,14.14,10.00,2.00,14.14,10.00,2.00,3.82,2.70,.00,.00,.00,.00,,,,14.14,10.00,2.00,14.14,10.00,2.00,14.14,10.00,2.00,26.97,19.07,.00
"AK",11190.00,2,0,0,14.14,10.00,2.00,14.14,10.00,2.00,2.80,1.98,.00,.00,.00,.00,,,,14.14,10.00,2.00,14.14,10.00,2.00,14.14,10.00,2.00,26.72,18.89,.00
"AK",11200.00,2,0,0,14.14,10.00,2.00,14.14,10.00,2.00,14.14,10.00,2.00,29.46,20.83,.00,,,,14.14,10.00,2.00,14.14,10.00,2.00,14.14,10.00,2.00,30.70,21.71,.00
"AK",11210.00,2,0,0,14.14,10.00,2.00,14.14,10.00,2.00,14.14,10.00,2.00,28.48,20.14,.00,,,,14.14,10.00,2.00,14.14,10.00,2.00,14.14,10.00,2.00,29.79,21.06,.00
"AK",11220.00,2,0,0,14.14,10.00,2.00,14.14,10.00,2.00,14.14,10.00,2.00,27.51,19.45,.00,,,,14.14,10.00,2.00,14.14,10.00,2.00,14.14,10.00,2.00,28.88,20.42,.00
"AK",11230.00,2,0,0,14.14,10.00,2.00,14.14,10.00,2.00,14.14,10.00,2.00,26.54,18.76,.00,,,,14.14,10.00,2.00,14.14,10.00,2.00,14.14,10.00,2.00,27.97,19.78,.00
"AK",11240.00,2,0,0,14.14,10.00,2.00,14.14,10.00,2.00,14.14,10.00,2.00,25.57,18.08,.00,,,,14.14,10.00,2.00,14.14,10.00,2.00,14.14,10.00,2.00,27.06,19.14,.00
"AK",11250.00,2,0,0,14.14,10.00,2.00,14.14,10.00,2.00,14.14,10.00,2.00,24.60,17.39,.00,,,,14.14,10.00,2.00,14.14,10.00,2.00,14.14,10.00,2.00,26.16,18.50,.00
"AK",11260.00,2,0,0,14.14,10.00,2.00,14.14,10.00,2.00,14.14,10.00,2.00,23.63,16.71,.00,,,,14.14,10.00,2.00,14.14,10.00,2.00,14.14,10.00,2.00,18.96,13.41,.00
"AK",11270.00,2,0,0,14.14,10.00,2.00,14.14,10.00,2.00,14.14,10.00,2.00,22.66,16.03,.00,,,,14.14,10.00,2.00,14.14,10.00,2.00,14.14,10.00,2.00,8.11,5.74,.00
"AK",11280.00,2,0,0,14.14,10.00,2.00,14.14,10.00,2.00,14.14,10.00,2.00,21.70,15.35,.00,,,,14.14,10.00,2.00,14.14,10.00,2.00,13.01,9.20,.00,.00,.00,.00
"AK",11290.00,2,0,0,14.14,10.00,2.00,14.14,10.00,2.00,14.14,10.00,2.00,20.74,14.67,.00,,,,14.14,10.00,2.00,14.14,10.00,2.00,5.77,4.08,.00,.00,.00,.00
"AK",11300.00,2,0,0,14.14,10.00,2.00,14.14,10.00,2.00,14.14,10.00,2.00,19.79,13.99,.00,,,,14.14,10.00,2.00,13.74,9.72,.00,.00,.00,.00,.00,.00,.00
"AK",11310.00,2,0,0,14.14,10.00,2.00,14.14,10.00,2.00,14.14,10.00,2.00,18.83,13.31,.00,,,,14.14,10.00,2.00,6.36,4.49,.00,.00,.00,.00,.00,.00,.00
"AK",11320.00,2,0,0,14.14,10.00,2.00,14.14,10.00,2.00,14.14,10.00,2.00,17.88,12.64,.00,,,,14.14,10.00,1.40,.00,.00,.00,.00,.00,.00,.00,.00,.00
"AK",11330.00,2,0,0,14.14,10.00,2.00,14.14,10.00,2.00,14.14,10.00,2.00,16.93,11.97,.00,,,,8.16,5.77,.00,.00,.00,.00,.00,.00,.00,.00,.00,.00
"AK",11340.00,2,0,0,14.14,10.00,2.00,14.14,10.00,2.00,14.14,10.00,2.00,13.35,9.44,.00,,,,2.71,1.92,.00,.00,.00,.00,.00,.00,.00,.00,.00,.00
"AK",11960.00,2,0,0,6.63,4.69,.00,.00,.00,.00,.00,.00,.00,.00,.00,.00,,,,14.14,10.00,2.00,3.14,2.22,.00,.00,.00,.00,.00,.00,.00
"AK",11970.00,2,0,0,7.13,5.04,.00,.00,.00,.00,.00,.00,.00,.00,.00,.00,,,,14.14,10.00,2.00,4.86,3.43,.00,.00,.00,.00,.00,.00,.00
"AK",11980.00,2,0,0,7.62,5.39,.00,.00,.00,.00,.00,.00,.00,.00,.00,.00,,,,14.14,10.00,2.00,6.48,4.58,.00,.00,.00,.00,.00,.00,.00
"AK",11990.00,2,0,0,8.12,5.74,.00,.00,.00,.00,.00,.00,.00,.00,.00,.00,,,,14.14,10.00,2.00,8.80,6.22,.00,.00,.00,.00,.00,.00,.00
"AK",12000.00,2,0,0,8.62,6.09,.00,.00,.00,.00,.00,.00,.00,.00,.00,.00,,,,14.14,10.00,2.00,8.00,5.66,.00,.00,.00,.00,.00,.00,.00
"AK",12010.00,2,0,0,10.36,7.33,.00,.00,.00,.00,.00,.00,.00,.00,.00,.00,,,,14.14,10.00,2.00,7.08,5.00,.00,.00,.00,.00,.00,.00,.00
"AK",12020.00,2,0,0,10.53,7.45,.00,.00,.00,.00,.00,.00,.00,.00,.00,.00,,,,14.14,10.00,2.00,6.15,4.34,.00,.00,.00,.00,.00,.00,.00
"AK",12030.00,2,0,0,9.69,6.85,.00,.00,.00,.00,.00,.00,.00,.00,.00,.00,,,,14.14,10.00,2.00,5.22,3.69,.00,.00,.00,.00,.00,.00,.00
"AK",12040.00,2,0,0,8.84,6.25,.00,.00,.00,.00,.00,.00,.00,.00,.00,.00,,,,14.14,10.00,2.00,5.99,4.23,.00,.00,.00,.00,.00,.00,.00
"AK",12050.00,2,0,0,8.00,5.65,.00,.00,.00,.00,.00,.00,.00,.00,.00,.00,,,,14.14,10.00,2.00,8.75,6.19,.00,.00,.00,.00,.00,.00,.00
"AK",12060.00,2,0,0,7.58,5.36,.00,.00,.00,.00,.00,.00,.00,.00,.00,.00,,,,14.14,10.00,2.00,11.07,7.83,.00,.00,.00,.00,.00,.00,.00
"AK",12070.00,2,0,0,8.04,5.68,.00,.00,.00,.00,.00,.00,.00,.00,.00,.00,,,,14.14,10.00,2.00,11.38,8.04,.00,.00,.00,.00,.00,.00,.00
"AK",12080.00,2,0,0,8.40,5.94,.00,.00,.00,.00,.00,.00,.00,.00,.00,.00,,,,14.14,10.00,2.00,11.60,8.20,.00,.00,.00,.00,.00,.00,.00
"AK",12090.00,2,0,0,8.05,5.69,.00,.00,.00,.00,.00,.00,.00,.00,.00,.00,,,,14.14,10.00,2.00,12.37,8.75,.00,.00,.00,.00,.00,.00,.00
"AK",12100.00,2,0,0,7.69,5.44,.00,.00,.00,.00,.00,.00,.00,.00,.00,.00,,,,14.14,10.00,2.00,13.18,9.32,.00,.00,.00,.00,.00,.00,.00
"AK",12110.00,2,0,0,4.43,3.13,.00,.00,.00,.00,.00,.00,.00,.00,.00,.00,,,,14.14,10.00,2.00,13.99,9.89,.00,.00,.00,.00,.00,.00,.00
"AK",12120.00,2,0,0,.69,.48,.00,.00,.00,.00,.00,.00,.00,.00,.00,.00,,,,14.14,10.00,2.00,14.14,10.00,2.00,.03,.02,.00,.00,.00,.00
"AK",12130.00,2,0,0,11.23,6.23,.00,.00,.00,.00,.00,.00,.00,.00,.00,.00,,,,14.14,10.00,2.00,14.14,10.00,2.00,.35,.24,.00,.00,.00,.00
"AK",12140.00,2,0,0,14.42,8.00,.00,.56,.54,.00,.00,.00,.00,.00,.00,.00,,,,7.47,5.28,.00,.00,.00,.00,.00,.00,.00,.00,.00,.00
"AK",12150.00,1,0,0,14.42,8.00,.00,.95,.92,.00,.00,.00,.00,.00,.00,.00,,,,3.19,1.77,.00,.00,.00,.00,.00,.00,.00,.00,.00,.00
"AK",12160.00,2,0,0,2.05,1.13,.00,.00,.00,.00,.00,.00,.00,.00,.00,.00,,,,5.81,4.11,.00,.00,.00,.00,.00,.00,.00,.00,.00,.00
"AK",12170.00,2,0,0,4.36,3.08,.00,.00,.00,.00,.00,.00,.00,.00,.00,.00,,,,14.14,10.00,2.00,2.83,2.00,.00,.00,.00,.00,.00,.00,.00
"AK",12180.00,2,0,0,6.81,4.82,.00,.00,.00,.00,.00,.00,.00,.00,.00,.00,,,,14.14,10.00,2.00,13.17,9.31,.00,.00,.00,.00,.00,.00,.00
"AK",12190.00,2,0,0,8.13,5.75,.00,.00,.00,.00,.00,.00,.00,.00,.00,.00,,,,14.14,10.00,2.00,14.14,10.00,2.00,3.03,2.14,.00,.00,.00,.00
"AK",12200.00,2,0,0,7.67,5.42,.00,.00,.00,.00,.00,.00,.00,.00,.00,.00,,,,14.14,10.00,2.00,14.14,10.00,2.00,4.23,2.99,.00,.00,.00,.00
"AK",12210.00,2,0,0,5.99,4.23,.00,.00,.00,.00,.00,.00,.00,.00,.00,.00,,,,14.14,10.00,2.00,14.14,10.00,2.00,5.73,4.05,.00,.00,.00,.00
"AK",12220.00,2,0,0,4.30,3.04,.00,.00,.00,.00,.00,.00,.00,.00,.00,.00,,,,14.14,10.00,2.00,14.14,10.00,2.00,7.74,5.47,.00,.00,.00,.00
"AK",12230.00,2,0,0,2.62,1.85,.00,.00,.00,.00,.00,.00,.00,.00,.00,.00,,,,14.14,10.00,2.00,14.14,10.00,2.00,9.76,6.90,.00,.00,.00,.00
"AK",12240.00,2,0,0,1.01,.71,.00,.00,.00,.00,.00,.00,.00,.00,.00,.00,,,,14.14,10.00,2.00,14.14,10.00,2.00,11.09,7.84,.00,.00,.00,.00
"AK",12250.00,2,0,0,14.41,7.99,.00,.00,.00,.00,.00,.00,.00,.00,.00,.00,,,,14.14,10.00,2.00,14.14,10.00,2.00,11.95,8.45,.00,.00,.00,.00
"AK",12260.00,2,0,0,3.98,2.20,.00,.00,.00,.00,.00,.00,.00,.00,.00,.00,,,,14.14,10.00,2.00,14.14,10.00,2.00,12.21,8.63,.00,.00,.00,.00
"AK",12270.00,2,0,0,7.05,3.91,.00,.00,.00,.00,.00,.00,.00,.00,.00,.00,,,,14.14,10.00,2.00,14.14,10.00,2.00,12.37,8.75,.00,.00,.00,.00
"AK",12280.00,2,0,0,.21,.15,.00,.00,.00,.00,.00,.00,.00,.00,.00,.00,,,,14.14,10.00,2.00,14.14,10.00,2.00,12.42,8.78,.00,.00,.00,.00
"AK",12290.00,2,0,0,.80,.56,.00,.00,.00,.00,.00,.00,.00,.00,.00,.00,,,,14.14,10.00,2.00,14.14,10.00,2.00,12.41,8.78,.00,.00,.00,.00
"AK",12300.00,2,0,0,6.80,3.77,.00,.00,.00,.00,.00,.00,.00,.00,.00,.00,,,,14.14,10.00,2.00,14.14,10.00,2.00,10.54,7.45,.00,.00,.00,.00
"AK",12310.00,2,0,0,10.81,6.00,.00,2.08,2.02,.00,.00,.00,.00,.00,.00,.00,,,,14.14,10.00,2.00,14.14,10.00,2.00,8.41,5.95,.00,.00,.00,.00
"AK",12320.00,2,0,0,10.81,6.00,.00,5.69,5.52,.00,.00,.00,.00,.00,.00,.00,,,,14.14,10.00,2.00,14.14,10.00,2.00,6.59,4.66,.00,.00,.00,.00
"AK",12330.00,2,0,0,10.81,6.00,.00,6.40,6.21,.00,.00,.00,.00,.00,.00,.00,,,,14.14,10.00,2.00,14.14,10.00,2.00,6.87,4.86,.00,.00,.00,.00
"AK",12340.00,2,0,0,10.81,6.00,.00,2.88,2.79,.00,.00,.00,.00,.00,.00,.00,,,,14.14,10.00,2.00,14.14,10.00,2.00,8.15,5.76,.00,.00,.00,.00
"AK",12350.00,2,0,0,.33,.23,.00,.00,.00,.00,.00,.00,.00,.00,.00,.00,,,,14.14,10.00,2.00,14.14,10.00,2.00,9.11,6.44,.00,.00,.00,.00
"AK",12360.00,2,0,0,2.50,1.77,.00,.00,.00,.00,.00,.00,.00,.00,.00,.00,,,,14.14,10.00,2.00,14.14,10.00,2.00,8.92,6.30,.00,.00,.00,.00
"AK",12370.00,2,0,0,4.62,3.27,.00,.00,.00,.00,.00,.00,.00,.00,.00,.00,,,,14.14,10.00,2.00,14.14,10.00,2.00,8.25,5.84,.00,.00,.00,.00
"AK",12380.00,2,0,0,5.48,3.87,.00,.00,.00,.00,.00,.00,.00,.00,.00,.00,,,,14.14,10.00,2.00,14.14,10.00,2.00,9.48,6.70,.00,.00,.00,.00
"AK",12390.00,2,0,0,2.91,2.06,.00,.00,.00,.00,.00,.00,.00,.00,.00,.00,,,,14.14,10.00,2.00,14.14,10.00,2.00,10.79,7.63,.00,.00,.00,.00
"AK",12400.00,2,0,0,4.05,2.24,.00,.00,.00,.00,.00,.00,.00,.00,.00,.00,,,,14.14,10.00,2.00,14.14,10.00,2.00,11.63,8.22,.00,.00,.00,.00
"AK",12410.00,2,0,0,1.49,1.05,.00,.00,.00,.00,.00,.00,.00,.00,.00,.00,,,,14.14,10.00,2.00,14.14,10.00,2.00,12.23,8.64,.00,.00,.00,.00
"AK",12420.00,2,0,0,9.43,6.67,.00,.00,.00,.00,.00,.00,.00,.00,.00,.00,,,,14.14,10.00,2.00,14.14,10.00,2.00,10.83,7.66,.00,.00,.00,.00
"AK",12430.00,2,0,0,9.86,6.97,.00,.00,.00,.00,.00,.00,.00,.00,.00,.00,,,,14.14,10.00,2.00,14.14,10.00,2.00,10.68,7.55,.00,.00,.00,.00
"AK",12440.00,2,0,0,9.67,6.84,.00,.00,.00,.00,.00,.00,.00,.00,.00,.00,,,,14.14,10.00,2.00,14.14,10.00,2.00,11.39,8.05,.00,.00,.00,.00
"AK",12450.00,2,0,0,9.29,6.57,.00,.00,.00,.00,.00,.00,.00,.00,.00,.00,,,,14.14,10.00,2.00,14.14,10.00,2.00,13.69,9.68,.00,.00,.00,.00
"AK",12460.00,2,0,0,9.56,6.76,.00,.00,.00,.00,.00,.00,.00,.00,.00,.00,,,,14.14,10.00,2.00,14.14,10.00,2.00,14.08,9.96,.00,.00,.00,.00
"AK",12470.00,2,0,0,9.67,6.84,.00,.00,.00,.00,.00,.00,.00,.00,.00,.00,,,,14.14,10.00,2.00,14.14,10.00,2.00,11.83,8.37,.00,.00,.00,.00
"AK",12480.00,2,0,0,9.78,6.92,.00,.00,.00,.00,.00,.00,.00,.00,.00,.00,,,,14.14,10.00,2.00,14.14,10.00,2.00,11.74,8.30,.00,.00,.00,.00
"AK",12490.00,2,0,0,9.98,7.06,.00,.00,.00,.00,.00,.00,.00,.00,.00,.00,,,,14.14,10.00,2.00,14.14,10.00,2.00,13.33,9.43,.00,.00,.00,.00
"AK",12500.00,2,0,0,10.32,7.29,.00,.00,.00,.00,.00,.00,.00,.00,.00,.00,,,,14.14,10.00,2.00,14.14,10.00,2.00,14.14,10.00,2.00,2.08,1.47,.00
"AK",12510.00,2,0,0,10.65,7.53,.00,.00,.00,.00,.00,.00,.00,.00,.00,.00,,,,14.14,10.00,2.00,14.14,10.00,2.00,14.14,10.00,2.00,1.59,1.13,.00
"AK",12520.00,2,0,0,11.04,7.80,.00,.00,.00,.00,.00,.00,.00,.00,.00,.00,,,,14.14,10.00,2.00,14.14,10.00,2.00,14.14,10.00,2.00,1.32,.93,.00
"AK",12530.00,2,0,0,11.45,8.10,.00,.00,.00,.00,.00,.00,.00,.00,.00,.00,,,,14.14,10.00,2.00,14.14,10.00,2.00,13.76,9.73,.00,.00,.00,.00
"AK",12540.00,2,0,0,8.53,6.03,.00,.00,.00,.00,.00,.00,.00,.00,.00,.00,,,,14.14,10.00,2.00,14.14,10.00,2.00,11.06,7.82,.00,.00,.00,.00
"AK",12550.00,2,0,0,3.81,2.69,.00,.00,.00,.00,.00,.00,.00,.00,.00,.00,,,,14.14,10.00,2.00,14.14,10.00,2.00,4.38,3.10,.00,.00,.00,.00
"AK",12560.00,2,0,0,2.15,1.52,.00,.00,.00,.00,.00,.00,.00,.00,.00,.00,,,,14.14,10.00,2.00,13.67,9.66,.00,.00,.00,.00,.00,.00,.00
"AK",12570.00,2,0,0,1.67,1.18,.00,.00,.00,.00,.00,.00,.00,.00,.00,.00,,,,14.14,10.00,2.00,12.12,8.57,.00,.00,.00,.00,.00,.00,.00
"AK",12580.00,2,0,0,1.19,.84,.00,.00,.00,.00,.00,.00,.00,.00,.00,.00,,,,14.14,10.00,2.00,11.02,7.79,.00,.00,.00,.00,.00,.00,.00
"AK",12590.00,2,0,0,2.89,2.04,.00,.00,.00,.00,.00,.00,.00,.00,.00,.00,,,,14.14,10.00,2.00,9.62,6.80,.00,.00,.00,.00,.00,.00,.00
"AK",12600.00,2,0,0,6.02,4.26,.00,.00,.00,.00,.00,.00,.00,.00,.00,.00,,,,14.14,10.00,2.00,8.83,6.24,.00,.00,.00,.00,.00,.00,.00
"AK",12610.00,2,0,0,10.44,7.38,.00,.00,.00,.00,.00,.00,.00,.00,.00,.00,,,,14.14,10.00,2.00,7.63,5.40,.00,.00,.00,.00,.00,.00,.00
"AK",12710.00,2,0,0,8.88,6.28,.00,.00,.00,.00,.00,.00,.00,.00,.00,.00,,,,14.14,10.00,2.00,12.24,8.65,.00,.00,.00,.00,.00,.00,.00
"AK",12720.00,2,0,0,13.28,9.39,.00,.00,.00,.00,.00,.00,.00,.00,.00,.00,,,,14.14,10.00,2.00,14.14,10.00,2.00,6.51,4.60,.00,.00,.00,.00
"AK",12730.00,2,0,0,14.14,10.00,1.42,.00,.00,.00,.00,.00,.00,.00,.00,.00,,,,14.14,10.00,2.00,14.14,10.00,2.00,8.73,6.18,.00,.00,.00,.00
"AK",12740.00,2,0,0,14.14,10.00,2.00,1.24,.87,.00,.00,.00,.00,.00,.00,.00,,,,14.14,10.00,2.00,14.14,10.00,2.00,10.96,7.75,.00,.00,.00,.00
"AK",12750.00,2,0,0,14.14,10.00,2.00,1.95,1.38,.00,.00,.00,.00,.00,.00,.00,,,,14.14,10.00,2.00,14.14,10.00,2.00,12.47,8.82,.00,.00,.00,.00
"AK",12760.00,2,0,0,14.14,10.00,2.00,.12,.08,.00,.00,.00,.00,.00,.00,.00,,,,14.14,10.00,2.00,14.14,10.00,2.00,11.26,7.96,.00,.00,.00,.00
"AK",12770.00,2,0,0,12.64,8.94,.00,.00,.00,.00,.00,.00,.00,.00,.00,.00,,,,14.14,10.00,2.00,14.14,10.00,2.00,8.79,6.21,.00,.00,.00,.00
"AK",12780.00,2,0,0,11.04,7.80,.00,.00,.00,.00,.00,.00,.00,.00,.00,.00,,,,14.14,10.00,2.00,14.14,10.00,2.00,6.32,4.47,.00,.00,.00,.00
"AK",12790.00,2,0,0,9.43,6.67,.00,.00,.00,.00,.00,.00,.00,.00,.00,.00,,,,14.14,10.00,2.00,14.14,10.00,2.00,3.85,2.72,.00,.00,.00,.00
"AK",12800.00,2,0,0,4.99,3.53,.00,.00,.00,.00,.00,.00,.00,.00,.00,.00,,,,14.14,10.00,2.00,10.54,7.45,.00,.00,.00,.00,.00,.00,.00
"AK",12810.00,2,0,0,5.20,3.68,.00,.00,.00,.00,.00,.00,.00,.00,.00,.00,,,,14.14,10.00,2.00,12.20,8.63,.00,.00,.00,.00,.00,.00,.00
"AK",12820.00,2,0,0,8.09,5.72,.00,.00,.00,.00,.00,.00,.00,.00,.00,.00,,,,14.14,10.00,2.00,14.14,10.00,2.00,6.01,4.25,.00,.00,.00,.00
"AK",12830.00,2,0,0,6.65,4.70,.00,.00,.00,.00,.00,.00,.00,.00,.00,.00,,,,14.14,10.00,2.00,14.14,10.00,2.00,11.01,7.79,.00,.00,.00,.00
"AK",12840.00,2,0,0,5.22,3.69,.00,.00,.00,.00,.00,.00,.00,.00,.00,.00,,,,14.14,10.00,2.00,14.14,10.00,2.00,11.72,8.29,.00,.00,.00,.00
"AK",12850.00,2,0,0,2.97,2.10,.00,.00,.00,.00,.00,.00,.00,.00,.00,.00,,,,14.14,10.00,2.00,14.14,10.00,2.00,9.18,6.49,.00,.00,.00,.00
"AK",12950.00,2,0,0,14.14,10.00,2.00,1.26,.89,.00,.00,.00,.00,.00,.00,.00,,,,5.76,4.07,.00,.00,.00,.00,.00,.00,.00,.00,.00,.00
"AK",12960.00,2,0,0,14.14,10.00,2.00,1.98,1.40,.00,.00,.00,.00,.00,.00,.00,,,,9.51,6.72,.00,.00,.00,.00,.00,.00,.00,.00,.00,.00
"AK",12970.00,2,0,0,14.14,10.00,2.00,2.69,1.90,.00,.00,.00,.00,.00,.00,.00,,,,13.27,9.38,.00,.00,.00,.00,.00,.00,.00,.00,.00,.00
"AK",12980.00,2,0,0,14.14,10.00,2.00,3.71,2.62,.00,.00,.00,.00,.00,.00,.00,,,,14.14,10.00,2.00,1.95,1.38,.00,.00,.00,.00,.00,.00,.00
"AK",12990.00,2,0,0,14.14,10.00,2.00,5.72,4.04,.00,.00,.00,.00,.00,.00,.00,,,,14.14,10.00,2.00,4.03,2.85,.00,.00,.00,.00,.00,.00,.00
"AK",13000.00,2,0,0,14.14,10.00,2.00,5.66,4.00,.00,.00,.00,.00,.00,.00,.00,,,,14.14,10.00,2.00,6.12,4.33,.00,.00,.00,.00,.00,.00,.00
"AK",13010.00,2,0,0,14.14,10.00,2.00,6.50,4.60,.00,.00,.00,.00,.00,.00,.00,,,,14.14,10.00,2.00,10.79,7.63,.00,.00,.00,.00,.00,.00,.00
"AK",13020.00,2,0,0,14.14,10.00,2.00,8.95,6.33,.00,.00,.00,.00,.00,.00,.00,,,,14.14,10.00,2.00,14.14,10.00,2.00,1.26,.89,.00,.00,.00,.00
"AK",13030.00,2,0,0,14.14,10.00,2.00,14.14,10.00,4.91755976898389e-03,.00,.00,.00,.00,.00,.00,,,,14.14,10.00,2.00,14.14,10.00,2.00,4.15,2.94,.00,.00,.00,.00
"AK",13040.00,2,0,0,14.14,10.00,2.00,14.14,10.00,2.00,5.32,3.76,.00,.00,.00,.00,,,,14.14,10.00,2.00,14.14,10.00,2.00,6.89,4.87,.00,.00,.00,.00
"AK",13050.00,2,0,0,14.14,10.00,2.00,14.14,10.00,2.00,.89,.63,.00,.00,.00,.00,,,,14.14,10.00,2.00,14.14,10.00,2.00,13.01,9.20,.00,.00,.00,.00
"AK",13060.00,2,0,0,14.14,10.00,2.00,10.43,7.37,.00,.00,.00,.00,.00,.00,.00,,,,14.14,10.00,2.00,14.14,10.00,2.00,14.14,10.00,2.00,4.92,3.48,.00
"AK",13070.00,2,0,0,14.14,10.00,2.00,8.63,6.10,.00,.00,.00,.00,.00,.00,.00,,,,14.14,10.00,2.00,14.14,10.00,2.00,14.14,10.00,2.00,10.60,7.49,.00
"AK",13080.00,2,0,0,14.14,10.00,2.00,12.39,8.76,.00,.00,.00,.00,.00,.00,.00,,,,14.14,10.00,2.00,14.14,10.00,2.00,14.14,10.00,2.00,15.91,11.25,.00
"AK",13090.00,2,0,0,14.14,10.00,2.00,14.14,10.00,2.00,.45,.32,.00,.00,.00,.00,,,,14.14,10.00,2.00,14.14,10.00,2.00,14.14,10.00,2.00,16.34,11.56,.00
"AK",13100.00,2,0,0,14.14,10.00,2.00,14.14,10.00,2.00,2.89,2.04,.00,.00,.00,.00,,,,14.14,10.00,2.00,14.14,10.00,2.00,14.14,10.00,2.00,16.97,12.00,.00
"AK",13110.00,2,0,0,14.14,10.00,2.00,14.14,10.00,2.00,3.92,2.77,.00,.00,.00,.00,,,,14.14,10.00,2.00,14.14,10.00,2.00,14.14,10.00,2.00,17.59,12.43,.00
"AK",13120.00,2,0,0,14.14,10.00,2.00,14.14,10.00,2.00,5.29,3.74,.00,.00,.00,.00,,,,14.14,10.00,2.00,14.14,10.00,2.00,14.14,10.00,2.00,18.21,12.88,.00
"AK",13130.00,2,0,0,14.14,10.00,2.00,14.14,10.00,2.00,6.43,4.54,.00,.00,.00,.00,,,,14.14,10.00,2.00,14.14,10.00,2.00,14.14,10.00,2.00,13.91,9.83,.00
"AK",13140.00,2,0,0,14.14,10.00,2.00,14.14,10.00,2.00,6.60,4.66,.00,.00,.00,.00,,,,14.14,10.00,2.00,14.14,10.00,2.00,14.14,10.00,2.00,8.83,6.24,.00
"AK",13150.00,2,0,0,14.14,10.00,2.00,14.14,10.00,2.00,6.76,4.78,.00,.00,.00,.00,,,,14.14,10.00,2.00,14.14,10.00,2.00,14.14,10.00,2.00,5.10,3.60,.00
"AK",13160.00,2,0,0,14.14,10.00,2.00,14.14,10.00,2.00,6.93,4.90,.00,.00,.00,.00,,,,14.14,10.00,2.00,14.14,10.00,2.00,14.14,10.00,2.00,7.02,4.97,.00
"AK",13170.00,2,0,0,14.14,10.00,2.00,14.14,10.00,2.00,6.83,4.83,.00,.00,.00,.00,,,,14.14,10.00,2.00,14.14,10.00,2.00,14.14,10.00,2.00,11.64,8.23,.00
"AK",13180.00,2,0,0,14.14,10.00,2.00,14.14,10.00,2.00,6.68,4.72,.00,.00,.00,.00,,,,14.14,10.00,2.00,14.14,10.00,2.00,14.14,10.00,2.00,12.29,8.69,.00
"AK",13190.00,2,0,0,14.14,10.00,2.00,14.14,10.00,2.00,6.53,4.62,.00,.00,.00,.00,,,,14.14,10.00,2.00,14.14,10.00,2.00,14.14,10.00,2.00,12.73,9.00,.00
"AK",13200.00,2,0,0,14.14,10.00,2.00,14.14,10.00,2.00,6.33,4.47,.00,.00,.00,.00,,,,14.14,10.00,2.00,14.14,10.00,2.00,14.14,10.00,2.00,13.55,9.58,.00
"AK",13210.00,2,0,0,14.14,10.00,2.00,14.14,10.00,2.00,5.79,4.09,.00,.00,.00,.00,,,,14.14,10.00,2.00,14.14,10.00,2.00,14.14,10.00,2.00,14.30,10.11,.00
"AK",13220.00,2,0,0,14.14,10.00,2.00,14.14,10.00,2.00,5.25,3.71,.00,.00,.00,.00,,,,14.14,10.00,2.00,14.14,10.00,2.00,14.14,10.00,2.00,14.44,10.21,.00
"AK",13230.00,2,0,0,14.14,10.00,2.00,14.14,10.00,2.00,4.71,3.33,.00,.00,.00,.00,,,,14.14,10.00,2.00,14.14,10.00,2.00,14.14,10.00,2.00,9.34,6.60,.00
"AK",13240.00,2,0,0,14.14,10.00,2.00,14.14,10.00,2.00,4.17,2.95,.00,.00,.00,.00,,,,14.14,10.00,2.00,14.14,10.00,2.00,14.14,10.00,2.00,4.96,3.51,.00
"AK",13250.00,2,0,0,14.14,10.00,2.00,14.14,10.00,2.00,3.70,2.62,.00,.00,.00,.00,,,,14.14,10.00,2.00,14.14,10.00,2.00,12.59,8.90,.00,.00,.00,.00
"AK",13260.00,2,0,0,14.14,10.00,2.00,14.14,10.00,2.00,3.75,2.65,.00,.00,.00,.00,,,,14.14,10.00,2.00,14.14,10.00,2.00,5.54,3.92,.00,.00,.00,.00
"AK",13270.00,2,0,0,14.14,10.00,2.00,14.14,10.00,2.00,3.55,2.51,.00,.00,.00,.00,,,,14.14,10.00,2.00,14.14,10.00,2.00,1.87,1.32,.00,.00,.00,.00
"AK",13280.00,2,0,0,14.14,10.00,2.00,14.14,10.00,2.00,3.13,2.21,.00,.00,.00,.00,,,,14.14,10.00,2.00,14.14,10.00,2.00,1.33,.94,.00,.00,.00,.00
"AK",13290.00,2,0,0,14.14,10.00,2.00,14.14,10.00,2.00,2.72,1.92,.00,.00,.00,.00,,,,14.14,10.00,2.00,14.14,10.00,2.00,1.32,.93,.00,.00,.00,.00
"AK",13300.00,2,0,0,14.14,10.00,2.00,14.14,10.00,2.00,2.48,1.75,.00,.00,.00,.00,,,,14.14,10.00,2.00,14.14,10.00,2.00,3.08,2.18,.00,.00,.00,.00
"AK",13310.00,2,0,0,14.14,10.00,2.00,14.14,10.00,2.00,2.26,1.59,.00,.00,.00,.00,,,,14.14,10.00,2.00,14.14,10.00,2.00,6.94,4.90,.00,.00,.00,.00
"AK",13320.00,2,0,0,14.14,10.00,2.00,14.14,10.00,2.00,1.90,1.34,.00,.00,.00,.00,,,,14.14,10.00,2.00,14.14,10.00,2.00,13.96,9.87,.00,.00,.00,.00
"AK",13330.00,2,0,0,14.14,10.00,2.00,14.14,10.00,2.00,1.54,1.09,.00,.00,.00,.00,,,,14.14,10.00,2.00,14.14,10.00,2.00,14.14,10.00,2.00,5.63,3.98,.00
"AK",13340.00,2,0,0,14.14,10.00,2.00,14.14,10.00,2.00,3.28,2.31,.00,.00,.00,.00,,,,14.14,10.00,2.00,14.14,10.00,2.00,14.14,10.00,2.00,3.08,2.17,.00
"AK",13350.00,2,0,0,14.14,10.00,2.00,14.14,10.00,2.00,5.47,3.87,.00,.00,.00,.00,,,,14.14,10.00,2.00,14.14,10.00,2.00,12.63,8.93,.00,.00,.00,.00
"AK",13360.00,2,0,0,14.14,10.00,2.00,14.14,10.00,2.00,6.71,4.75,.00,.00,.00,.00,,,,14.14,10.00,2.00,14.14,10.00,2.00,9.95,7.03,.00,.00,.00,.00
"AK",13370.00,2,0,0,14.14,10.00,2.00,14.14,10.00,2.00,7.65,5.41,.00,.00,.00,.00,,,,14.14,10.00,2.00,14.14,10.00,2.00,9.65,6.82,.00,.00,.00,.00
"AK",13380.00,2,0,0,14.14,10.00,2.00,14.14,10.00,2.00,7.81,5.52,.00,.00,.00,.00,,,,14.14,10.00,2.00,14.14,10.00,2.00,11.29,7.98,.00,.00,.00,.00
"AK",13390.00,2,0,0,14.14,10.00,2.00,14.14,10.00,2.00,7.36,5.20,.00,.00,.00,.00,,,,14.14,10.00,2.00,14.14,10.00,2.00,14.14,10.00,2.00,1.34,.94,.00
"AK",13400.00,2,0,0,14.14,10.00,2.00,14.14,10.00,2.00,2.35,1.66,.00,.00,.00,.00,,,,14.14,10.00,2.00,14.14,10.00,2.00,11.96,8.46,.00,.00,.00,.00
"AK",13410.00,2,0,0,14.14,10.00,2.00,14.14,10.00,2.00,.28,.20,.00,.00,.00,.00,,,,14.14,10.00,2.00,14.14,10.00,2.00,8.56,6.05,.00,.00,.00,.00
"AK",13420.00,2,0,0,14.14,10.00,2.00,14.14,10.00,2.00,2.06,1.46,.00,.00,.00,.00,,,,14.14,10.00,2.00,14.14,10.00,2.00,8.08,5.71,.00,.00,.00,.00
"AK",13430.00,2,0,0,14.14,10.00,2.00,14.14,10.00,2.00,3.85,2.72,.00,.00,.00,.00,,,,14.14,10.00,2.00,14.14,10.00,2.00,7.77,5.49,.00,.00,.00,.00
"AK",13440.00,2,0,0,14.14,10.00,2.00,14.14,10.00,2.00,5.66,4.00,.00,.00,.00,.00,,,,14.14,10.00,2.00,14.14,10.00,2.00,7.72,5.46,.00,.00,.00,.00
"AK",13450.00,2,0,0,14.14,10.00,2.00,14.14,10.00,2.00,2.63,1.86,.00,.00,.00,.00,,,,14.14,10.00,2.00,14.14,10.00,2.00,7.67,5.42,.00,.00,.00,.00
"AK",13460.00,2,0,0,14.14,10.00,2.00,12.04,8.51,.00,.00,.00,.00,.00,.00,.00,,,,14.14,10.00,2.00,14.14,10.00,2.00,6.76,4.78,.00,.00,.00,.00
"AK",13470.00,2,0,0,14.14,10.00,2.00,7.87,5.57,.00,.00,.00,.00,.00,.00,.00,,,,14.14,10.00,2.00,14.14,10.00,2.00,5.48,3.87,.00,.00,.00,.00
"AK",13480.00,2,0,0,14.14,10.00,2.00,3.71,2.62,.00,.00,.00,.00,.00,.00,.00,,,,14.14,10.00,2.00,14.14,10.00,2.00,4.92,3.48,.00,.00,.00,.00
"AK",13490.00,2,0,0,14.14,10.00,2.00,4.29,3.03,.00,.00,.00,.00,.00,.00,.00,,,,14.14,10.00,2.00,14.14,10.00,2.00,5.30,3.75,.00,.00,.00,.00
"AK",13500.00,2,0,0,14.14,10.00,2.00,4.22,2.98,.00,.00,.00,.00,.00,.00,.00,,,,14.14,10.00,2.00,14.14,10.00,2.00,6.49,4.59,.00,.00,.00,.00
"AK",13510.00,2,0,0,14.14,10.00,2.00,4.05,2.86,.00,.00,.00,.00,.00,.00,.00,,,,14.14,10.00,2.00,14.14,10.00,2.00,9.29,6.57,.00,.00,.00,.00
"AK",13520.00,2,0,0,14.14,10.00,2.00,3.88,2.74,.00,.00,.00,.00,.00,.00,.00,,,,14.14,10.00,2.00,14.14,10.00,2.00,11.70,8.27,.00,.00,.00,.00
"AK",13530.00,2,0,0,14.14,10.00,2.00,3.69,2.61,.00,.00,.00,.00,.00,.00,.00,,,,14.14,10.00,2.00,14.14,10.00,2.00,13.91,9.83,.00,.00,.00,.00
"AK",13540.00,2,0,0,14.14,10.00,2.00,3.17,2.24,.00,.00,.00,.00,.00,.00,.00,,,,14.14,10.00,2.00,14.14,10.00,2.00,14.14,10.00,2.00,2.42,1.71,.00
"AK",13550.00,2,0,0,14.14,10.00,2.00,2.34,1.65,.00,.00,.00,.00,.00,.00,.00,,,,14.14,10.00,2.00,14.14,10.00,2.00,14.14,10.00,2.00,3.67,2.59,.00
"AK",13560.00,2,0,0,14.14,10.00,2.00,1.48,1.05,.00,.00,.00,.00,.00,.00,.00,,,,14.14,10.00,2.00,14.14,10.00,2.00,14.14,10.00,2.00,4.91,3.47,.00
"AK",13570.00,2,0,0,13.24,9.36,.00,.00,.00,.00,.00,.00,.00,.00,.00,.00,,,,14.14,10.00,2.00,14.14,10.00,2.00,14.14,10.00,2.00,5.24,3.70,.00
"AK",13580.00,2,0,0,8.46,5.98,.00,.00,.00,.00,.00,.00,.00,.00,.00,.00,,,,14.14,10.00,2.00,14.14,10.00,2.00,7.59,5.37,.00,.00,.00,.00
"AK",13590.00,2,0,0,3.62,2.56,.00,.00,.00,.00,.00,.00,.00,.00,.00,.00,,,,14.14,10.00,2.00,9.29,6.57,.00,.00,.00,.00,.00,.00,.00
"AK",13600.00,2,0,0,7.21,4.00,.00,1.15,1.12,.00,.00,.00,.00,.00,.00,.00,,,,10.58,7.48,.00,.00,.00,.00,.00,.00,.00,.00,.00,.00
"AK",13610.00,2,0,0,7.21,4.00,.00,1.75,1.70,.00,.00,.00,.00,.00,.00,.00,,,,.05,.04,.00,.00,.00,.00,.00,.00,.00,.00,.00,.00
"AK",13620.00,1,0,0,.42,.23,.00,.00,.00,.00,.00,.00,.00,.00,.00,.00,,,,4.23,2.34,.00,.00,.00,.00,.00,.00,.00,.00,.00,.00
"AK",13630.00,2,0,0,10.74,7.59,.00,.00,.00,.00,.00,.00,.00,.00,.00,.00,,,,12.14,8.58,.00,.00,.00,.00,.00,.00,.00,.00,.00,.00
"AK",13640.00,2,0,0,13.98,9.88,.00,.00,.00,.00,.00,.00,.00,.00,.00,.00,,,,10.97,7.76,.00,.00,.00,.00,.00,.00,.00,.00,.00,.00
"AK",13650.00,2,0,0,14.14,10.00,1.60,.00,.00,.00,.00,.00,.00,.00,.00,.00,,,,13.68,9.67,.00,.00,.00,.00,.00,.00,.00,.00,.00,.00
"AK",13660.00,2,0,0,12.92,9.13,.00,.00,.00,.00,.00,.00,.00,.00,.00,.00,,,,14.14,10.00,2.00,4.94,3.49,.00,.00,.00,.00,.00,.00,.00
"AK",13670.00,2,0,0,9.96,7.04,.00,.00,.00,.00,.00,.00,.00,.00,.00,.00,,,,14.14,10.00,2.00,11.49,8.12,.00,.00,.00,.00,.00,.00,.00
"AK",13680.00,2,0,0,7.55,5.33,.00,.00,.00,.00,.00,.00,.00,.00,.00,.00,,,,14.14,10.00,2.00,14.14,10.00,2.00,5.63,3.98,.00,.00,.00,.00
"AK",14300.00,2,0,0,14.14,10.00,2.00,6.99,4.94,.00,.00,.00,.00,.00,.00,.00,,,,14.14,10.00,2.00,5.39,3.81,.00,.00,.00,.00,.00,.00,.00
"AK",14310.00,2,0,0,14.14,10.00,2.00,6.94,4.90,.00,.00,.00,.00,.00,.00,.00,,,,14.14,10.00,2.00,5.51,3.90,.00,.00,.00,.00,.00,.00,.00
"AK",14320.00,2,0,0,14.14,10.00,2.00,6.71,4.74,.00,.00,.00,.00,.00,.00,.00,,,,14.14,10.00,2.00,5.85,4.13,.00,.00,.00,.00,.00,.00,.00
"AK",14330.00,2,0,0,14.14,10.00,2.00,6.48,4.58,.00,.00,.00,.00,.00,.00,.00,,,,14.14,10.00,2.00,6.32,4.47,.00,.00,.00,.00,.00,.00,.00
"AK",14340.00,2,0,0,14.14,10.00,2.00,6.25,4.42,.00,.00,.00,.00,.00,.00,.00,,,,14.14,10.00,2.00,6.45,4.56,.00,.00,.00,.00,.00,.00,.00
"AK",29810.00,2,0,0,4.08,2.89,.00,.00,.00,.00,.00,.00,.00,.00,.00,.00,,,,5.78,4.09,.00,.00,.00,.00,.00,.00,.00,.00,.00,.00
"AK",29820.00,2,0,0,3.83,2.71,.00,.00,.00,.00,.00,.00,.00,.00,.00,.00,,,,4.79,3.39,.00,.00,.00,.00,.00,.00,.00,.00,.00,.00
"AK",29830.00,2,0,0,3.58,2.53,.00,.00,.00,.00,.00,.00,.00,.00,.00,.00,,,,3.80,2.68,.00,.00,.00,.00,.00,.00,.00,.00,.00,.00
"AK",29840.00,2,0,0,3.33,2.35,.00,.00,.00,.00,.00,.00,.00,.00,.00,.00,,,,2.80,1.98,.00,.00,.00,.00,.00,.00,.00,.00,.00,.00
"AK",29850.00,2,0,0,2.79,1.97,.00,.00,.00,.00,.00,.00,.00,.00,.00,.00,,,,1.81,1.28,.00,.00,.00,.00,.00,.00,.00,.00,.00,.00
"AK",29860.00,2,0,0,1.72,1.22,.00,.00,.00,.00,.00,.00,.00,.00,.00,.00,,,,1.76,1.24,.00,.00,.00,.00,.00,.00,.00,.00,.00,.00
"AK",29870.00,2,0,0,2.24,1.58,.00,.00,.00,.00,.00,.00,.00,.00,.00,.00,,,,2.74,1.94,.00,.00,.00,.00,.00,.00,.00,.00,.00,.00
"AK",29880.00,2,0,0,2.76,1.95,.00,.00,.00,.00,.00,.00,.00,.00,.00,.00,,,,3.73,2.63,.00,.00,.00,.00,.00,.00,.00,.00,.00,.00
"AK",29890.00,2,0,0,2.91,2.06,.00,.00,.00,.00,.00,.00,.00,.00,.00,.00,,,,4.67,3.30,.00,.00,.00,.00,.00,.00,.00,.00,.00,.00
"AK",29900.00,2,0,0,3.07,2.17,.00,.00,.00,.00,.00,.00,.00,.00,.00,.00,,,,4.88,3.45,.00,.00,.00,.00,.00,.00,.00,.00,.00,.00
"AK",29910.00,2,0,0,3.22,2.27,.00,.00,.00,.00,.00,.00,.00,.00,.00,.00,,,,5.05,3.57,.00,.00,.00,.00,.00,.00,.00,.00,.00,.00
"AK",29920.00,2,0,0,3.37,2.38,.00,.00,.00,.00,.00,.00,.00,.00,.00,.00,,,,4.68,3.31,.00,.00,.00,.00,.00,.00,.00,.00,.00,.00
"AK",29930.00,2,0,0,2.92,2.06,.00,.00,.00,.00,.00,.00,.00,.00,.00,.00,,,,4.08,2.88,.00,.00,.00,.00,.00,.00,.00,.00,.00,.00
"AK",29940.00,2,0,0,2.39,1.69,.00,.00,.00,.00,.00,.00,.00,.00,.00,.00,,,,3.48,2.46,.00,.00,.00,.00,.00,.00,.00,.00,.00,.00
"AK",29950.00,2,0,0,1.87,1.32,.00,.00,.00,.00,.00,.00,.00,.00,.00,.00,,,,2.89,2.05,.00,.00,.00,.00,.00,.00,.00,.00,.00,.00
"AK",29960.00,2,0,0,1.38,.98,.00,.00,.00,.00,.00,.00,.00,.00,.00,.00,,,,2.37,1.67,.00,.00,.00,.00,.00,.00,.00,.00,.00,.00
"AK",29970.00,2,0,0,.93,.65,.00,.00,.00,.00,.00,.00,.00,.00,.00,.00,,,,2.10,1.48,.00,.00,.00,.00,.00,.00,.00,.00,.00,.00
"AK",29980.00,2,0,0,.48,.34,.00,.00,.00,.00,.00,.00,.00,.00,.00,.00,,,,2.14,1.51,.00,.00,.00,.00,.00,.00,.00,.00,.00,.00
"AK",29990.00,2,0,0,.13,.09,.00,.00,.00,.00,.00,.00,.00,.00,.00,.00,,,,2.21,1.56,.00,.00,.00,.00,.00,.00,.00,.00,.00,.00
"AK",30000.00,2,0,0,.19,.13,.00,.00,.00,.00,.00,.00,.00,.00,.00,.00,,,,2.31,1.63,.00,.00,.00,.00,.00,.00,.00,.00,.00,.00
"AK",30010.00,2,0,0,.30,.21,.00,.00,.00,.00,.00,.00,.00,.00,.00,.00,,,,1.97,1.39,.00,.00,.00,.00,.00,.00,.00,.00,.00,.00
"AK",30020.00,2,0,0,2.31,1.28,.00,.00,.00,.00,.00,.00,.00,.00,.00,.00,,,,.36,.20,.00,.00,.00,.00,.00,.00,.00,.00,.00,.00
"AK",30030.00,1,0,0,5.48,3.04,.00,.00,.00,.00,.00,.00,.00,.00,.00,.00,,,,3.00,1.66,.00,.00,.00,.00,.00,.00,.00,.00,.00,.00
"AK",30040.00,1,0,0,8.11,4.49,.00,.00,.00,.00,.00,.00,.00,.00,.00,.00,,,,5.42,3.01,.00,.00,.00,.00,.00,.00,.00,.00,.00,.00
"AK",30050.00,1,0,0,10.57,5.86,.00,.00,.00,.00,.00,.00,.00,.00,.00,.00,,,,7.06,3.91,.00,.00,.00,.00,.00,.00,.00,.00,.00,.00
"AK",30060.00,1,0,0,12.21,6.77,.00,.00,.00,.00,.00,.00,.00,.00,.00,.00,,,,8.34,4.62,.00,.00,.00,.00,.00,.00,.00,.00,.00,.00
"AK",30070.00,1,0,0,13.71,7.60,.00,.00,.00,.00,.00,.00,.00,.00,.00,.00,,,,9.56,5.30,.00,.00,.00,.00,.00,.00,.00,.00,.00,.00
"AK",30080.00,1,0,0,14.14,7.84,.00,.00,.00,.00,.00,.00,.00,.00,.00,.00,,,,10.74,5.95,.00,.00,.00,.00,.00,.00,.00,.00,.00,.00
"AK",30090.00,1,0,0,14.14,7.84,.00,.00,.00,.00,.00,.00,.00,.00,.00,.00,,,,9.68,5.37,.00,.00,.00,.00,.00,.00,.00,.00,.00,.00
"AK",30100.00,1,0,0,12.91,7.16,.00,.00,.00,.00,.00,.00,.00,.00,.00,.00,,,,9.78,5.42,.00,.00,.00,.00,.00,.00,.00,.00,.00,.00
"AK",30110.00,1,0,0,9.94,5.51,.00,.00,.00,.00,.00,.00,.00,.00,.00,.00,,,,9.43,5.23,.00,.00,.00,.00,.00,.00,.00,.00,.00,.00
"AK",30120.00,1,0,0,7.41,4.11,.00,.00,.00,.00,.00,.00,.00,.00,.00,.00,,,,7.12,3.95,.00,.00,.00,.00,.00,.00,.00,.00,.00,.00
"AK",30130.00,1,0,0,4.91,2.72,.00,.00,.00,.00,.00,.00,.00,.00,.00,.00,,,,4.78,2.65,.00,.00,.00,.00,.00,.00,.00,.00,.00,.00
"AK",30140.00,1,0,0,2.44,1.35,.00,.00,.00,.00,.00,.00,.00,.00,.00,.00,,,,2.42,1.34,.00,.00,.00,.00,.00,.00,.00,.00,.00,.00
"AK",30150.00,2,0,0,7.68849662861608e-03,5.43658810322434e-03,.00,.00,.00,.00,.00,.00,.00,.00,.00,.00,,,,.05,.03,.00,.00,.00,.00,.00,.00,.00,.00,.00,.00
"AK",30700.00,2,0,0,14.14,10.00,2.00,6.16,4.35,.00,.00,.00,.00,.00,.00,.00,,,,14.14,10.00,2.00,8.27,5.84,.00,.00,.00,.00,.00,.00,.00
"AK",30710.00,2,0,0,14.14,10.00,2.00,6.95,4.91,.00,.00,.00,.00,.00,.00,.00,,,,14.14,10.00,2.00,9.47,6.69,.00,.00,.00,.00,.00,.00,.00
"AK",30720.00,2,0,0,14.14,10.00,2.00,8.03,5.67,.00,.00,.00,.00,.00,.00,.00,,,,14.14,10.00,2.00,11.37,8.04,.00,.00,.00,.00,.00,.00,.00
"AK",30730.00,2,0,0,14.14,10.00,2.00,9.53,6.74,.00,.00,.00,.00,.00,.00,.00,,,,14.14,10.00,2.00,13.26,9.37,.00,.00,.00,.00,.00,.00,.00
"AK",14350.00,2,0,0,14.14,10.00,2.00,6.17,4.36,.00,.00,.00,.00,.00,.00,.00,,,,14.14,10.00,2.00,5.93,4.19,.00,.00,.00,.00,.00,.00,.00
"AK",14360.00,2,0,0,14.14,10.00,2.00,5.75,4.07,.00,.00,.00,.00,.00,.00,.00,,,,14.14,10.00,2.00,5.40,3.82,.00,.00,.00,.00,.00,.00,.00
"AK",14370.00,2,0,0,14.14,10.00,2.00,7.68,5.43,.00,.00,.00,.00,.00,.00,.00,,,,14.14,10.00,2.00,4.78,3.38,.00,.00,.00,.00,.00,.00,.00
"AK",14380.00,2,0,0,14.14,10.00,2.00,14.03,9.92,.00,.00,.00,.00,.00,.00,.00,,,,14.14,10.00,2.00,4.35,3.07,.00,.00,.00,.00,.00,.00,.00
"AK",19760.00,2,0,0,14.14,10.00,2.00,9.96,7.04,.00,.00,.00,.00,.00,.00,.00,,,,14.14,10.00,2.00,14.14,10.00,2.00,3.87,2.74,.00,.00,.00,.00
"AK",19770.00,2,0,0,14.14,10.00,2.00,5.33,3.76,.00,.00,.00,.00,.00,.00,.00,,,,14.14,10.00,2.00,14.14,10.00,2.00,2.19,1.55,.00,.00,.00,.00
"AK",19780.00,2,0,0,14.14,10.00,2.00,.69,.49,.00,.00,.00,.00,.00,.00,.00,,,,14.14,10.00,2.00,14.14,10.00,2.00,1.18,.83,.00,.00,.00,.00
"AK",19790.00,2,0,0,13.44,9.50,.00,.00,.00,.00,.00,.00,.00,.00,.00,.00,,,,14.14,10.00,2.00,13.83,9.78,.00,.00,.00,.00,.00,.00,.00
"AK",19800.00,2,0,0,14.14,10.00,2.00,.28,.19,.00,.00,.00,.00,.00,.00,.00,,,,14.14,10.00,2.00,12.82,9.07,.00,.00,.00,.00,.00,.00,.00
"AK",19810.00,2,0,0,14.14,10.00,2.00,2.17,1.54,.00,.00,.00,.00,.00,.00,.00,,,,14.14,10.00,2.00,12.67,8.96,.00,.00,.00,.00,.00,.00,.00
"AK",19820.00,2,0,0,14.14,10.00,2.00,2.73,1.93,.00,.00,.00,.00,.00,.00,.00,,,,14.14,10.00,2.00,12.74,9.01,.00,.00,.00,.00,.00,.00,.00
"AK",19830.00,2,0,0,14.14,10.00,2.00,3.18,2.24,.00,.00,.00,.00,.00,.00,.00,,,,14.14,10.00,2.00,12.71,8.98,.00,.00,.00,.00,.00,.00,.00
"AK",19840.00,2,0,0,14.14,10.00,2.00,3.53,2.49,.00,.00,.00,.00,.00,.00,.00,,,,14.14,10.00,2.00,11.14,7.88,.00,.00,.00,.00,.00,.00,.00
"AK",19850.00,2,0,0,14.14,10.00,2.00,2.91,2.05,.00,.00,.00,.00,.00,.00,.00,,,,14.14,10.00,2.00,9.64,6.81,.00,.00,.00,.00,.00,.00,.00
"AK",19860.00,2,0,0,14.14,10.00,2.00,2.04,1.44,.00,.00,.00,.00,.00,.00,.00,,,,14.14,10.00,2.00,8.24,5.83,.00,.00,.00,.00,.00,.00,.00
"AK",19870.00,2,0,0,14.14,10.00,2.00,1.16,.82,.00,.00,.00,.00,.00,.00,.00,,,,14.14,10.00,2.00,7.20,5.09,.00,.00,.00,.00,.00,.00,.00
"AK",19880.00,2,0,0,14.14,10.00,2.00,.07,.05,.00,.00,.00,.00,.00,.00,.00,,,,14.14,10.00,2.00,6.38,4.51,.00,.00,.00,.00,.00,.00,.00
"AK",19890.00,2,0,0,13.54,9.57,.00,.00,.00,.00,.00,.00,.00,.00,.00,.00,,,,14.14,10.00,2.00,6.25,4.42,.00,.00,.00,.00,.00,.00,.00
"AK",19900.00,2,0,0,12.36,8.74,.00,.00,.00,.00,.00,.00,.00,.00,.00,.00,,,,14.14,10.00,2.00,6.12,4.32,.00,.00,.00,.00,.00,.00,.00
"AK",19910.00,2,0,0,12.21,8.64,.00,.00,.00,.00,.00,.00,.00,.00,.00,.00,,,,14.14,10.00,2.00,5.98,4.23,.00,.00,.00,.00,.00,.00,.00
"AK",19920.00,2,0,0,11.44,8.09,.00,.00,.00,.00,.00,.00,.00,.00,.00,.00,,,,14.14,10.00,2.00,4.98,3.52,.00,.00,.00,.00,.00,.00,.00
"AK",19930.00,2,0,0,10.97,7.75,.00,.00,.00,.00,.00,.00,.00,.00,.00,.00,,,,14.14,10.00,2.00,3.96,2.80,.00,.00,.00,.00,.00,.00,.00
"AK",19940.00,2,0,0,10.57,7.47,.00,.00,.00,.00,.00,.00,.00,.00,.00,.00,,,,14.14,10.00,2.00,3.89,2.75,.00,.00,.00,.00,.00,.00,.00
"AK",19950.00,2,0,0,10.26,7.25,.00,.00,.00,.00,.00,.00,.00,.00,.00,.00,,,,14.14,10.00,2.00,3.83,2.70,.00,.00,.00,.00,.00,.00,.00
"AK",19960.00,2,0,0,9.94,7.03,.00,.00,.00,.00,.00,.00,.00,.00,.00,.00,,,,14.14,10.00,2.00,3.76,2.66,.00,.00,.00,.00,.00,.00,.00
"AK",19970.00,2,0,0,9.63,6.81,.00,.00,.00,.00,.00,.00,.00,.00,.00,.00,,,,14.14,10.00,2.00,3.27,2.31,.00,.00,.00,.00,.00,.00,.00
"AK",19980.00,2,0,0,9.25,6.54,.00,.00,.00,.00,.00,.00,.00,.00,.00,.00,,,,14.14,10.00,2.00,2.64,1.87,.00,.00,.00,.00,.00,.00,.00
"AK",19990.00,2,0,0,9.35,6.61,.00,.00,.00,.00,.00,.00,.00,.00,.00,.00,,,,14.14,10.00,2.00,2.01,1.42,.00,.00,.00,.00,.00,.00,.00
"AK",20000.00,2,0,0,9.13,6.46,.00,.00,.00,.00,.00,.00,.00,.00,.00,.00,,,,14.14,10.00,2.00,1.09,.77,.00,.00,.00,.00,.00,.00,.00
"AK",20010.00,2,0,0,8.10,5.73,.00,.00,.00,.00,.00,.00,.00,.00,.00,.00,,,,14.14,10.00,2.00,.15,.10,.00,.00,.00,.00,.00,.00,.00
"AK",20020.00,2,0,0,7.08,5.00,.00,.00,.00,.00,.00,.00,.00,.00,.00,.00,,,,13.30,9.40,.00,.00,.00,.00,.00,.00,.00,.00,.00,.00
"AK",27580.00,2,0,0,14.14,10.00,2.00,2.12,1.50,.00,.00,.00,.00,.00,.00,.00,,,,14.14,10.00,2.00,.51,.36,.00,.00,.00,.00,.00,.00,.00
"AK",27590.00,2,0,0,14.14,10.00,2.00,2.36,1.67,.00,.00,.00,.00,.00,.00,.00,,,,14.14,10.00,2.00,.89,.63,.00,.00,.00,.00,.00,.00,.00
"AK",27600.00,2,0,0,14.14,10.00,2.00,2.52,1.78,.00,.00,.00,.00,.00,.00,.00,,,,14.14,10.00,2.00,1.22,.86,.00,.00,.00,.00,.00,.00,.00
"AK",27610.00,2,0,0,14.14,10.00,2.00,2.59,1.83,.00,.00,.00,.00,.00,.00,.00,,,,14.14,10.00,2.00,1.87,1.32,.00,.00,.00,.00,.00,.00,.00
"AK",27620.00,2,0,0,14.14,10.00,2.00,2.67,1.89,.00,.00,.00,.00,.00,.00,.00,,,,14.14,10.00,2.00,2.69,1.90,.00,.00,.00,.00,.00,.00,.00
"AK",27630.00,2,0,0,14.14,10.00,2.00,2.83,2.00,.00,.00,.00,.00,.00,.00,.00,,,,14.14,10.00,2.00,3.52,2.49,.00,.00,.00,.00,.00,.00,.00
"AK",27640.00,2,0,0,14.14,10.00,2.00,3.02,2.14,.00,.00,.00,.00,.00,.00,.00,,,,14.14,10.00,2.00,4.35,3.07,.00,.00,.00,.00,.00,.00,.00
"AK",27650.00,2,0,0,14.14,10.00,2.00,3.22,2.27,.00,.00,.00,.00,.00,.00,.00,,,,14.14,10.00,2.00,4.05,2.86,.00,.00,.00,.00,.00,.00,.00
"AK",27660.00,2,0,0,14.14,10.00,2.00,3.34,2.36,.00,.00,.00,.00,.00,.00,.00,,,,14.14,10.00,2.00,3.77,2.67,.00,.00,.00,.00,.00,.00,.00
"AK",27670.00,2,0,0,14.14,10.00,2.00,3.45,2.44,.00,.00,.00,.00,.00,.00,.00,,,,14.14,10.00,2.00,3.81,2.70,.00,.00,.00,.00,.00,.00,.00
"AK",27680.00,2,0,0,14.14,10.00,2.00,3.56,2.52,.00,.00,.00,.00,.00,.00,.00,,,,14.14,10.00,2.00,3.86,2.73,.00,.00,.00,.00,.00,.00,.00
"AK",27690.00,2,0,0,14.14,10.00,2.00,3.67,2.59,.00,.00,.00,.00,.00,.00,.00,,,,14.14,10.00,2.00,4.02,2.84,.00,.00,.00,.00,.00,.00,.00
"AK",27700.00,2,0,0,14.14,10.00,2.00,3.76,2.66,.00,.00,.00,.00,.00,.00,.00,,,,14.14,10.00,2.00,4.66,3.29,.00,.00,.00,.00,.00,.00,.00
"AK",27710.00,2,0,0,14.14,10.00,2.00,3.85,2.72,.00,.00,.00,.00,.00,.00,.00,,,,14.14,10.00,2.00,5.30,3.74,.00,.00,.00,.00,.00,.00,.00
"AK",27720.00,2,0,0,14.14,10.00,2.00,3.97,2.81,.00,.00,.00,.00,.00,.00,.00,,,,14.14,10.00,2.00,5.68,4.01,.00,.00,.00,.00,.00,.00,.00
"AK",27730.00,2,0,0,14.14,10.00,2.00,4.11,2.90,.00,.00,.00,.00,.00,.00,.00,,,,14.14,10.00,2.00,5.98,4.23,.00,.00,.00,.00,.00,.00,.00
"AK",27740.00,2,0,0,14.14,10.00,2.00,4.32,3.05,.00,.00,.00,.00,.00,.00,.00,,,,14.14,10.00,2.00,6.29,4.45,.00,.00,.00,.00,.00,.00,.00
"AK",27750.00,2,0,0,14.14,10.00,2.00,4.64,3.28,.00,.00,.00,.00,.00,.00,.00,,,,14.14,10.00,2.00,6.60,4.66,.00,.00,.00,.00,.00,.00,.00
"AK",27760.00,2,0,0,14.14,10.00,2.00,4.89,3.46,.00,.00,.00,.00,.00,.00,.00,,,,14.14,10.00,2.00,6.93,4.90,.00,.00,.00,.00,.00,.00,.00
"AK",27770.00,2,0,0,14.14,10.00,2.00,4.75,3.36,.00,.00,.00,.00,.00,.00,.00,,,,14.14,10.00,2.00,6.94,4.90,.00,.00,.00,.00,.00,.00,.00
"AK",27780.00,2,0,0,14.14,10.00,2.00,4.75,3.36,.00,.00,.00,.00,.00,.00,.00,,,,14.14,10.00,2.00,6.92,4.89,.00,.00,.00,.00,.00,.00,.00
"AK",27790.00,2,0,0,14.14,10.00,2.00,4.73,3.35,.00,.00,.00,.00,.00,.00,.00,,,,14.14,10.00,2.00,6.90,4.88,.00,.00,.00,.00,.00,.00,.00
"AK",27800.00,2,0,0,14.14,10.00,2.00,4.19,2.96,.00,.00,.00,.00,.00,.00,.00,,,,14.14,10.00,2.00,6.79,4.80,.00,.00,.00,.00,.00,.00,.00
"AK",27810.00,2,0,0,14.14,10.00,2.00,3.62,2.56,.00,.00,.00,.00,.00,.00,.00,,,,14.14,10.00,2.00,6.12,4.32,.00,.00,.00,.00,.00,.00,.00
"AK",27820.00,2,0,0,14.14,10.00,2.00,2.99,2.11,.00,.00,.00,.00,.00,.00,.00,,,,14.14,10.00,2.00,6.36,4.49,.00,.00,.00,.00,.00,.00,.00
"AK",27830.00,2,0,0,14.14,10.00,2.00,2.51,1.77,.00,.00,.00,.00,.00,.00,.00,,,,14.14,10.00,2.00,6.44,4.55,.00,.00,.00,.00,.00,.00,.00
"AK",27840.00,2,0,0,14.14,10.00,2.00,2.78,1.97,.00,.00,.00,.00,.00,.00,.00,,,,14.14,10.00,2.00,5.92,4.19,.00,.00,.00,.00,.00,.00,.00
"AK",27850.00,2,0,0,14.14,10.00,2.00,3.31,2.34,.00,.00,.00,.00,.00,.00,.00,,,,14.14,10.00,2.00,5.39,3.81,.00,.00,.00,.00,.00,.00,.00
"AK",27860.00,2,0,0,14.14,10.00,2.00,3.99,2.82,.00,.00,.00,.00,.00,.00,.00,,,,14.14,10.00,2.00,4.86,3.44,.00,.00,.00,.00,.00,.00,.00
"AK",27870.00,2,0,0,14.14,10.00,2.00,4.66,3.30,.00,.00,.00,.00,.00,.00,.00,,,,14.14,10.00,2.00,4.06,2.87,.00,.00,.00,.00,.00,.00,.00
"AK",27880.00,2,0,0,14.14,10.00,2.00,5.09,3.60,.00,.00,.00,.00,.00,.00,.00,,,,14.14,10.00,2.00,4.99,3.53,.00,.00,.00,.00,.00,.00,.00
"AK",27890.00,2,0,0,14.14,10.00,2.00,5.50,3.88,.00,.00,.00,.00,.00,.00,.00,,,,14.14,10.00,2.00,5.77,4.08,.00,.00,.00,.00,.00,.00,.00
"AK",27900.00,2,0,0,14.14,10.00,2.00,5.82,4.11,.00,.00,.00,.00,.00,.00,.00,,,,14.14,10.00,2.00,5.82,4.11,.00,.00,.00,.00,.00,.00,.00
"AK",27910.00,2,0,0,14.14,10.00,2.00,6.13,4.34,.00,.00,.00,.00,.00,.00,.00,,,,14.14,10.00,2.00,6.07,4.29,.00,.00,.00,.00,.00,.00,.00
"AK",27920.00,2,0,0,14.14,10.00,2.00,6.40,4.52,.00,.00,.00,.00,.00,.00,.00,,,,14.14,10.00,2.00,6.58,4.65,.00,.00,.00,.00,.00,.00,.00
"AK",27930.00,2,0,0,14.14,10.00,2.00,6.66,4.70,.00,.00,.00,.00,.00,.00,.00,,,,14.14,10.00,2.00,7.23,5.11,.00,.00,.00,.00,.00,.00,.00
"AK",27940.00,2,0,0,14.14,10.00,2.00,6.72,4.75,.00,.00,.00,.00,.00,.00,.00,,,,14.14,10.00,2.00,7.89,5.58,.00,.00,.00,.00,.00,.00,.00
"AK",27950.00,2,0,0,14.14,10.00,2.00,6.62,4.68,.00,.00,.00,.00,.00,.00,.00,,,,14.14,10.00,2.00,8.10,5.73,.00,.00,.00,.00,.00,.00,.00
"AK",27960.00,2,0,0,14.14,10.00,2.00,6.42,4.54,.00,.00,.00,.00,.00,.00,.00,,,,14.14,10.00,2.00,8.20,5.80,.00,.00,.00,.00,.00,.00,.00
"AK",27970.00,2,0,0,14.14,10.00,2.00,6.20,4.39,.00,.00,.00,.00,.00,.00,.00,,,,14.14,10.00,2.00,8.30,5.87,.00,.00,.00,.00,.00,.00,.00
"AK",27980.00,2,0,0,14.14,10.00,2.00,6.03,4.26,.00,.00,.00,.00,.00,.00,.00,,,,14.14,10.00,2.00,8.39,5.93,.00,.00,.00,.00,.00,.00,.00
"AK",27990.00,2,0,0,14.14,10.00,2.00,6.10,4.31,.00,.00,.00,.00,.00,.00,.00,,,,14.14,10.00,2.00,8.48,6.00,.00,.00,.00,.00,.00,.00,.00
"AK",28000.00,2,0,0,14.14,10.00,2.00,6.18,4.37,.00,.00,.00,.00,.00,.00,.00,,,,14.14,10.00,2.00,8.57,6.06,.00,.00,.00,.00,.00,.00,.00
"AK",28010.00,2,0,0,14.14,10.00,2.00,6.26,4.42,.00,.00,.00,.00,.00,.00,.00,,,,14.14,10.00,2.00,8.66,6.12,.00,.00,.00,.00,.00,.00,.00
"AK",28020.00,2,0,0,14.14,10.00,2.00,6.34,4.48,.00,.00,.00,.00,.00,.00,.00,,,,14.14,10.00,2.00,8.74,6.18,.00,.00,.00,.00,.00,.00,.00
"AK",28030.00,2,0,0,14.14,10.00,2.00,6.54,4.62,.00,.00,.00,.00,.00,.00,.00,,,,14.14,10.00,2.00,8.75,6.19,.00,.00,.00,.00,.00,.00,.00
"AK",28040.00,2,0,0,14.14,10.00,2.00,6.82,4.82,.00,.00,.00,.00,.00,.00,.00,,,,14.14,10.00,2.00,8.78,6.21,.00,.00,.00,.00,.00,.00,.00
"AK",28050.00,2,0,0,14.14,10.00,2.00,7.11,5.02,.00,.00,.00,.00,.00,.00,.00,,,,14.14,10.00,2.00,8.83,6.24,.00,.00,.00,.00,.00,.00,.00
"AK",28060.00,2,0,0,14.14,10.00,2.00,7.16,5.06,.00,.00,.00,.00,.00,.00,.00,,,,14.14,10.00,2.00,8.87,6.27,.00,.00,.00,.00,.00,.00,.00
"AK",28070.00,2,0,0,14.14,10.00,2.00,7.09,5.01,.00,.00,.00,.00,.00,.00,.00,,,,14.14,10.00,2.00,8.86,6.26,.00,.00,.00,.00,.00,.00,.00
"AK",28080.00,2,0,0,14.14,10.00,2.00,7.02,4.96,.00,.00,.00,.00,.00,.00,.00,,,,14.14,10.00,2.00,8.79,6.21,.00,.00,.00,.00,.00,.00,.00
"AK",28090.00,2,0,0,14.14,10.00,2.00,6.95,4.91,.00,.00,.00,.00,.00,.00,.00,,,,14.14,10.00,2.00,8.64,6.11,.00,.00,.00,.00,.00,.00,.00
"AK",28100.00,2,0,0,14.14,10.00,2.00,6.94,4.91,.00,.00,.00,.00,.00,.00,.00,,,,14.14,10.00,2.00,8.48,6.00,.00,.00,.00,.00,.00,.00,.00
"AK",28110.00,2,0,0,14.14,10.00,2.00,7.78,5.50,.00,.00,.00,.00,.00,.00,.00,,,,14.14,10.00,2.00,8.52,6.02,.00,.00,.00,.00,.00,.00,.00
"AK",28120.00,2,0,0,14.14,10.00,2.00,8.14,5.75,.00,.00,.00,.00,.00,.00,.00,,,,14.14,10.00,2.00,8.64,6.10,.00,.00,.00,.00,.00,.00,.00
"AK",28130.00,2,0,0,14.14,10.00,2.00,7.70,5.45,.00,.00,.00,.00,.00,.00,.00,,,,14.14,10.00,2.00,8.31,5.88,.00,.00,.00,.00,.00,.00,.00
"AK",28140.00,2,0,0,14.14,10.00,2.00,7.26,5.13,.00,.00,.00,.00,.00,.00,.00,,,,14.14,10.00,2.00,8.38,5.92,.00,.00,.00,.00,.00,.00,.00
"AK",28150.00,2,0,0,14.14,10.00,2.00,6.81,4.81,.00,.00,.00,.00,.00,.00,.00,,,,14.14,10.00,2.00,8.44,5.96,.00,.00,.00,.00,.00,.00,.00
"AK",28160.00,2,0,0,14.14,10.00,2.00,6.57,4.64,.00,.00,.00,.00,.00,.00,.00,,,,14.14,10.00,2.00,8.49,6.00,.00,.00,.00,.00,.00,.00,.00
"AK",28170.00,2,0,0,14.14,10.00,2.00,6.80,4.81,.00,.00,.00,.00,.00,.00,.00,,,,14.14,10.00,2.00,8.54,6.04,.00,.00,.00,.00,.00,.00,.00
"AK",28180.00,2,0,0,14.14,10.00,2.00,7.01,4.95,.00,.00,.00,.00,.00,.00,.00,,,,14.14,10.00,2.00,8.69,6.14,.00,.00,.00,.00,.00,.00,.00
"AK",28190.00,2,0,0,14.14,10.00,2.00,7.21,5.10,.00,.00,.00,.00,.00,.00,.00,,,,14.14,10.00,2.00,9.13,6.45,.00,.00,.00,.00,.00,.00,.00
"AK",28200.00,2,0,0,14.14,10.00,2.00,7.30,5.16,.00,.00,.00,.00,.00,.00,.00,,,,14.14,10.00,2.00,9.61,6.80,.00,.00,.00,.00,.00,.00,.00
"AK",28210.00,2,0,0,14.14,10.00,2.00,7.05,4.98,.00,.00,.00,.00,.00,.00,.00,,,,14.14,10.00,2.00,10.09,7.13,.00,.00,.00,.00,.00,.00,.00
"AK",28220.00,2,0,0,14.14,10.00,2.00,6.64,4.69,.00,.00,.00,.00,.00,.00,.00,,,,14.14,10.00,2.00,10.49,7.42,.00,.00,.00,.00,.00,.00,.00
"AK",28230.00,2,0,0,14.14,10.00,2.00,6.65,4.70,.00,.00,.00,.00,.00,.00,.00,,,,14.14,10.00,2.00,10.76,7.61,.00,.00,.00,.00,.00,.00,.00
"AK",28240.00,2,0,0,14.14,10.00,2.00,6.85,4.84,.00,.00,.00,.00,.00,.00,.00,,,,14.14,10.00,2.00,10.76,7.61,.00,.00,.00,.00,.00,.00,.00
"AK",28250.00,2,0,0,14.14,10.00,2.00,7.04,4.98,.00,.00,.00,.00,.00,.00,.00,,,,14.14,10.00,2.00,10.62,7.51,.00,.00,.00,.00,.00,.00,.00
"AK",28260.00,2,0,0,14.14,10.00,2.00,7.22,5.11,.00,.00,.00,.00,.00,.00,.00,,,,14.14,10.00,2.00,10.48,7.41,.00,.00,.00,.00,.00,.00,.00
"AK",28270.00,2,0,0,14.14,10.00,2.00,7.16,5.06,.00,.00,.00,.00,.00,.00,.00,,,,14.14,10.00,2.00,10.33,7.30,.00,.00,.00,.00,.00,.00,.00
"AK",28280.00,2,0,0,14.14,10.00,2.00,6.57,4.64,.00,.00,.00,.00,.00,.00,.00,,,,14.14,10.00,2.00,10.18,7.20,.00,.00,.00,.00,.00,.00,.00
"AK",28290.00,2,0,0,14.14,10.00,2.00,6.76,4.78,.00,.00,.00,.00,.00,.00,.00,,,,14.14,10.00,2.00,10.09,7.13,.00,.00,.00,.00,.00,.00,.00
"AK",28300.00,2,0,0,14.14,10.00,2.00,7.01,4.96,.00,.00,.00,.00,.00,.00,.00,,,,14.14,10.00,2.00,9.89,6.99,.00,.00,.00,.00,.00,.00,.00
"AK",28310.00,2,0,0,14.14,10.00,2.00,7.35,5.19,.00,.00,.00,.00,.00,.00,.00,,,,14.14,10.00,2.00,9.58,6.77,.00,.00,.00,.00,.00,.00,.00
"AK",28320.00,2,0,0,14.14,10.00,2.00,7.74,5.47,.00,.00,.00,.00,.00,.00,.00,,,,14.14,10.00,2.00,9.26,6.54,.00,.00,.00,.00,.00,.00,.00
"AK",28330.00,2,0,0,14.14,10.00,2.00,8.10,5.72,.00,.00,.00,.00,.00,.00,.00,,,,14.14,10.00,2.00,9.00,6.36,.00,.00,.00,.00,.00,.00,.00
"AK",28340.00,2,0,0,14.14,10.00,2.00,7.92,5.60,.00,.00,.00,.00,.00,.00,.00,,,,14.14,10.00,2.00,8.88,6.28,.00,.00,.00,.00,.00,.00,.00
"AK",28350.00,2,0,0,14.14,10.00,2.00,7.76,5.49,.00,.00,.00,.00,.00,.00,.00,,,,14.14,10.00,2.00,8.53,6.03,.00,.00,.00,.00,.00,.00,.00
"AK",28360.00,2,0,0,14.14,10.00,2.00,7.53,5.32,.00,.00,.00,.00,.00,.00,.00,,,,14.14,10.00,2.00,8.50,6.01,.00,.00,.00,.00,.00,.00,.00
"AK",28370.00,2,0,0,14.14,10.00,2.00,7.24,5.12,.00,.00,.00,.00,.00,.00,.00,,,,14.14,10.00,2.00,8.49,6.00,.00,.00,.00,.00,.00,.00,.00
"AK",28380.00,2,0,0,14.14,10.00,2.00,6.95,4.92,.00,.00,.00,.00,.00,.00,.00,,,,14.14,10.00,2.00,8.47,5.99,.00,.00,.00,.00,.00,.00,.00
"AK",28390.00,2,0,0,14.14,10.00,2.00,6.67,4.71,.00,.00,.00,.00,.00,.00,.00,,,,14.14,10.00,2.00,8.50,6.01,.00,.00,.00,.00,.00,.00,.00
"AK",28400.00,2,0,0,14.14,10.00,2.00,6.47,4.57,.00,.00,.00,.00,.00,.00,.00,,,,14.14,10.00,2.00,8.55,6.05,.00,.00,.00,.00,.00,.00,.00
"AK",28410.00,2,0,0,14.14,10.00,2.00,6.44,4.55,.00,.00,.00,.00,.00,.00,.00,,,,14.14,10.00,2.00,8.60,6.08,.00,.00,.00,.00,.00,.00,.00
"AK",28420.00,2,0,0,14.14,10.00,2.00,6.41,4.53,.00,.00,.00,.00,.00,.00,.00,,,,14.14,10.00,2.00,8.65,6.11,.00,.00,.00,.00,.00,.00,.00
"AK",28430.00,2,0,0,14.14,10.00,2.00,6.23,4.41,.00,.00,.00,.00,.00,.00,.00,,,,14.14,10.00,2.00,8.54,6.04,.00,.00,.00,.00,.00,.00,.00
"AK",28440.00,2,0,0,14.14,10.00,2.00,6.05,4.28,.00,.00,.00,.00,.00,.00,.00,,,,14.14,10.00,2.00,8.36,5.91,.00,.00,.00,.00,.00,.00,.00
"AK",28450.00,2,0,0,14.14,10.00,2.00,5.87,4.15,.00,.00,.00,.00,.00,.00,.00,,,,14.14,10.00,2.00,8.18,5.78,.00,.00,.00,.00,.00,.00,.00
"AK",28460.00,2,0,0,14.14,10.00,2.00,5.68,4.01,.00,.00,.00,.00,.00,.00,.00,,,,14.14,10.00,2.00,8.00,5.65,.00,.00,.00,.00,.00,.00,.00
"AK",28470.00,2,0,0,14.14,10.00,2.00,5.49,3.88,.00,.00,.00,.00,.00,.00,.00,,,,14.14,10.00,2.00,7.81,5.52,.00,.00,.00,.00,.00,.00,.00
"AK",28480.00,2,0,0,14.14,10.00,2.00,5.30,3.75,.00,.00,.00,.00,.00,.00,.00,,,,14.14,10.00,2.00,7.63,5.39,.00,.00,.00,.00,.00,.00,.00
"AK",28490.00,2,0,0,14.14,10.00,2.00,5.12,3.62,.00,.00,.00,.00,.00,.00,.00,,,,14.14,10.00,2.00,7.43,5.25,.00,.00,.00,.00,.00,.00,.00
"AK",28500.00,2,0,0,14.14,10.00,2.00,4.94,3.49,.00,.00,.00,.00,.00,.00,.00,,,,14.14,10.00,2.00,7.23,5.11,.00,.00,.00,.00,.00,.00,.00
"AK",28510.00,2,0,0,14.14,10.00,2.00,4.77,3.37,.00,.00,.00,.00,.00,.00,.00,,,,14.14,10.00,2.00,7.05,4.99,.00,.00,.00,.00,.00,.00,.00
"AK",28520.00,2,0,0,14.14,10.00,2.00,4.59,3.25,.00,.00,.00,.00,.00,.00,.00,,,,14.14,10.00,2.00,6.88,4.86,.00,.00,.00,.00,.00,.00,.00
"AK",28530.00,2,0,0,14.14,10.00,2.00,4.41,3.12,.00,.00,.00,.00,.00,.00,.00,,,,14.14,10.00,2.00,6.69,4.73,.00,.00,.00,.00,.00,.00,.00
"AK",28540.00,2,0,0,14.14,10.00,2.00,4.23,2.99,.00,.00,.00,.00,.00,.00,.00,,,,14.14,10.00,2.00,6.50,4.59,.00,.00,.00,.00,.00,.00,.00
"AK",28550.00,2,0,0,14.14,10.00,2.00,4.03,2.85,.00,.00,.00,.00,.00,.00,.00,,,,14.14,10.00,2.00,6.30,4.45,.00,.00,.00,.00,.00,.00,.00
"AK",28560.00,2,0,0,14.14,10.00,2.00,3.62,2.56,.00,.00,.00,.00,.00,.00,.00,,,,14.14,10.00,2.00,6.09,4.30,.00,.00,.00,.00,.00,.00,.00
"AK",28570.00,2,0,0,14.14,10.00,2.00,3.14,2.22,.00,.00,.00,.00,.00,.00,.00,,,,14.14,10.00,2.00,5.85,4.13,.00,.00,.00,.00,.00,.00,.00
"AK",28580.00,2,0,0,14.14,10.00,2.00,2.71,1.91,.00,.00,.00,.00,.00,.00,.00,,,,14.14,10.00,2.00,5.30,3.75,.00,.00,.00,.00,.00,.00,.00
"AK",28590.00,2,0,0,14.14,10.00,2.00,2.27,1.60,.00,.00,.00,.00,.00,.00,.00,,,,14.14,10.00,2.00,4.75,3.36,.00,.00,.00,.00,.00,.00,.00
"AK",28600.00,2,0,0,14.14,10.00,2.00,1.83,1.29,.00,.00,.00,.00,.00,.00,.00,,,,14.14,10.00,2.00,4.68,3.31,.00,.00,.00,.00,.00,.00,.00
"AK",28610.00,2,0,0,14.14,10.00,2.00,1.44,1.02,.00,.00,.00,.00,.00,.00,.00,,,,14.14,10.00,2.00,4.65,3.29,.00,.00,.00,.00,.00,.00,.00
"AK",28620.00,2,0,0,14.14,10.00,2.00,1.05,.74,.00,.00,.00,.00,.00,.00,.00,,,,14.14,10.00,2.00,4.36,3.08,.00,.00,.00,.00,.00,.00,.00
"AK",28630.00,2,0,0,14.14,10.00,2.00,.65,.46,.00,.00,.00,.00,.00,.00,.00,,,,14.14,10.00,2.00,4.01,2.83,.00,.00,.00,.00,.00,.00,.00
"AK",28640.00,2,0,0,14.14,10.00,2.00,.31,.22,.00,.00,.00,.00,.00,.00,.00,,,,14.14,10.00,2.00,3.65,2.58,.00,.00,.00,.00,.00,.00,.00
"AK",28650.00,2,0,0,14.14,10.00,2.00,.04,.02,.00,.00,.00,.00,.00,.00,.00,,,,14.14,10.00,2.00,3.28,2.32,.00,.00,.00,.00,.00,.00,.00
"AK",28660.00,2,0,0,13.96,9.87,.00,.00,.00,.00,.00,.00,.00,.00,.00,.00,,,,14.14,10.00,2.00,2.80,1.98,.00,.00,.00,.00,.00,.00,.00
"AK",28670.00,2,0,0,13.72,9.70,.00,.00,.00,.00,.00,.00,.00,.00,.00,.00,,,,14.14,10.00,2.00,2.24,1.58,.00,.00,.00,.00,.00,.00,.00
"AK",28680.00,2,0,0,13.60,9.61,.00,.00,.00,.00,.00,.00,.00,.00,.00,.00,,,,14.14,10.00,2.00,1.66,1.17,.00,.00,.00,.00,.00,.00,.00
"AK",28690.00,2,0,0,13.52,9.56,.00,.00,.00,.00,.00,.00,.00,.00,.00,.00,,,,14.14,10.00,2.00,1.07,.76,.00,.00,.00,.00,.00,.00,.00
"AK",28700.00,2,0,0,13.45,9.51,.00,.00,.00,.00,.00,.00,.00,.00,.00,.00,,,,14.14,10.00,2.00,.86,.61,.00,.00,.00,.00,.00,.00,.00
"AK",28710.00,2,0,0,13.37,9.46,.00,.00,.00,.00,.00,.00,.00,.00,.00,.00,,,,14.14,10.00,2.00,.80,.56,.00,.00,.00,.00,.00,.00,.00
"AK",28720.00,2,0,0,13.30,9.40,.00,.00,.00,.00,.00,.00,.00,.00,.00,.00,,,,14.14,10.00,2.00,.73,.51,.00,.00,.00,.00,.00,.00,.00
"AK",28730.00,2,0,0,13.13,9.28,.00,.00,.00,.00,.00,.00,.00,.00,.00,.00,,,,14.14,10.00,2.00,.60,.43,.00,.00,.00,.00,.00,.00,.00
"AK",28740.00,2,0,0,12.11,8.56,.00,.00,.00,.00,.00,.00,.00,.00,.00,.00,,,,14.14,10.00,2.00,.45,.31,.00,.00,.00,.00,.00,.00,.00
"AK",28750.00,2,0,0,10.79,7.63,.00,.00,.00,.00,.00,.00,.00,.00,.00,.00,,,,14.14,10.00,2.00,.28,.20,.00,.00,.00,.00,.00,.00,.00
"AK",28760.00,2,0,0,9.74,6.89,.00,.00,.00,.00,.00,.00,.00,.00,.00,.00,,,,13.80,9.76,.00,.00,.00,.00,.00,.00,.00,.00,.00,.00
"AK",28770.00,2,0,0,8.78,6.21,.00,.00,.00,.00,.00,.00,.00,.00,.00,.00,,,,12.64,8.94,.00,.00,.00,.00,.00,.00,.00,.00,.00,.00
"AK",28780.00,2,0,0,8.13,5.75,.00,.00,.00,.00,.00,.00,.00,.00,.00,.00,,,,12.06,8.53,.00,.00,.00,.00,.00,.00,.00,.00,.00,.00
"AK",28790.00,2,0,0,8.64,6.11,.00,.00,.00,.00,.00,.00,.00,.00,.00,.00,,,,12.69,8.97,.00,.00,.00,.00,.00,.00,.00,.00,.00,.00
"AK",28800.00,2,0,0,9.17,6.48,.00,.00,.00,.00,.00,.00,.00,.00,.00,.00,,,,13.31,9.41,.00,.00,.00,.00,.00,.00,.00,.00,.00,.00
"AK",28810.00,2,0,0,9.87,6.98,.00,.00,.00,.00,.00,.00,.00,.00,.00,.00,,,,13.86,9.80,.00,.00,.00,.00,.00,.00,.00,.00,.00,.00
"AK",28820.00,2,0,0,10.63,7.51,.00,.00,.00,.00,.00,.00,.00,.00,.00,.00,,,,13.90,9.83,.00,.00,.00,.00,.00,.00,.00,.00,.00,.00
"AK",28830.00,2,0,0,11.38,8.05,.00,.00,.00,.00,.00,.00,.00,.00,.00,.00,,,,13.93,9.85,.00,.00,.00,.00,.00,.00,.00,.00,.00,.00
"AK",28840.00,2,0,0,12.14,8.58,.00,.00,.00,.00,.00,.00,.00,.00,.00,.00,,,,14.02,9.92,.00,.00,.00,.00,.00,.00,.00,.00,.00,.00
"AK",28850.00,2,0,0,12.34,8.72,.00,.00,.00,.00,.00,.00,.00,.00,.00,.00,,,,14.13,9.99,.00,.00,.00,.00,.00,.00,.00,.00,.00,.00
"AK",28860.00,2,0,0,12.51,8.84,.00,.00,.00,.00,.00,.00,.00,.00,.00,.00,,,,14.14,10.00,2.00,.19,.13,.00,.00,.00,.00,.00,.00,.00
"AK",28870.00,2,0,0,13.11,9.27,.00,.00,.00,.00,.00,.00,.00,.00,.00,.00,,,,14.14,10.00,2.00,.25,.18,.00,.00,.00,.00,.00,.00,.00
"AK",28880.00,2,0,0,13.40,9.48,.00,.00,.00,.00,.00,.00,.00,.00,.00,.00,,,,14.14,10.00,2.00,.98,.69,.00,.00,.00,.00,.00,.00,.00
"AK",28890.00,2,0,0,13.69,9.68,.00,.00,.00,.00,.00,.00,.00,.00,.00,.00,,,,14.14,10.00,2.00,2.23,1.57,.00,.00,.00,.00,.00,.00,.00
"AK",28900.00,2,0,0,14.14,10.00,.06,.00,.00,.00,.00,.00,.00,.00,.00,.00,,,,14.14,10.00,2.00,3.39,2.39,.00,.00,.00,.00,.00,.00,.00
"AK",28910.00,2,0,0,14.14,10.00,2.00,.69,.49,.00,.00,.00,.00,.00,.00,.00,,,,14.14,10.00,2.00,4.35,3.07,.00,.00,.00,.00,.00,.00,.00
"AK",28920.00,2,0,0,14.14,10.00,2.00,1.54,1.09,.00,.00,.00,.00,.00,.00,.00,,,,14.14,10.00,2.00,5.31,3.75,.00,.00,.00,.00,.00,.00,.00
"AK",28930.00,2,0,0,14.14,10.00,2.00,2.36,1.67,.00,.00,.00,.00,.00,.00,.00,,,,14.14,10.00,2.00,6.27,4.43,.00,.00,.00,.00,.00,.00,.00
"AK",28940.00,2,0,0,14.14,10.00,2.00,3.13,2.21,.00,.00,.00,.00,.00,.00,.00,,,,14.14,10.00,2.00,7.21,5.09,.00,.00,.00,.00,.00,.00,.00
"AK",28950.00,2,0,0,14.14,10.00,2.00,3.70,2.61,.00,.00,.00,.00,.00,.00,.00,,,,14.14,10.00,2.00,8.09,5.72,.00,.00,.00,.00,.00,.00,.00
"AK",28960.00,2,0,0,14.14,10.00,2.00,4.20,2.97,.00,.00,.00,.00,.00,.00,.00,,,,14.14,10.00,2.00,8.63,6.10,.00,.00,.00,.00,.00,.00,.00
"AK",28970.00,2,0,0,14.14,10.00,2.00,4.71,3.33,.00,.00,.00,.00,.00,.00,.00,,,,14.14,10.00,2.00,9.14,6.46,.00,.00,.00,.00,.00,.00,.00
"AK",28980.00,2,0,0,14.14,10.00,2.00,.80,.57,.00,.00,.00,.00,.00,.00,.00,,,,14.14,10.00,2.00,9.65,6.82,.00,.00,.00,.00,.00,.00,.00
"AK",28990.00,2,0,0,10.92,7.72,.00,.00,.00,.00,.00,.00,.00,.00,.00,.00,,,,14.14,10.00,2.00,3.72,2.63,.00,.00,.00,.00,.00,.00,.00
"AK",29000.00,2,0,0,7.51,5.31,.00,.00,.00,.00,.00,.00,.00,.00,.00,.00,,,,14.14,10.00,2.00,7.57,5.35,.00,.00,.00,.00,.00,.00,.00
"AK",29010.00,2,0,0,11.86,8.38,.00,.00,.00,.00,.00,.00,.00,.00,.00,.00,,,,14.14,10.00,2.00,11.18,7.90,.00,.00,.00,.00,.00,.00,.00
"AK",29020.00,2,0,0,14.14,10.00,2.00,.58,.41,.00,.00,.00,.00,.00,.00,.00,,,,14.14,10.00,2.00,11.16,7.89,.00,.00,.00,.00,.00,.00,.00
"AK",29030.00,2,0,0,14.14,10.00,2.00,2.28,1.61,.00,.00,.00,.00,.00,.00,.00,,,,14.14,10.00,2.00,10.96,7.75,.00,.00,.00,.00,.00,.00,.00
"AK",29040.00,2,0,0,14.14,10.00,2.00,3.99,2.82,.00,.00,.00,.00,.00,.00,.00,,,,14.14,10.00,2.00,10.75,7.60,.00,.00,.00,.00,.00,.00,.00
"AK",29050.00,2,0,0,14.14,10.00,2.00,4.23,2.99,.00,.00,.00,.00,.00,.00,.00,,,,14.14,10.00,2.00,9.85,6.96,.00,.00,.00,.00,.00,.00,.00
"AK",29060.00,2,0,0,14.14,10.00,2.00,3.12,2.21,.00,.00,.00,.00,.00,.00,.00,,,,14.14,10.00,2.00,8.07,5.70,.00,.00,.00,.00,.00,.00,.00
"AK",29070.00,2,0,0,14.14,10.00,2.00,2.07,1.46,.00,.00,.00,.00,.00,.00,.00,,,,14.14,10.00,2.00,6.12,4.33,.00,.00,.00,.00,.00,.00,.00
"AK",29080.00,2,0,0,14.14,10.00,2.00,.54,.38,.00,.00,.00,.00,.00,.00,.00,,,,14.14,10.00,2.00,4.17,2.95,.00,.00,.00,.00,.00,.00,.00
"AK",29090.00,2,0,0,13.45,9.51,.00,.00,.00,.00,.00,.00,.00,.00,.00,.00,,,,14.14,10.00,2.00,2.23,1.57,.00,.00,.00,.00,.00,.00,.00
"AK",29100.00,2,0,0,12.05,8.52,.00,.00,.00,.00,.00,.00,.00,.00,.00,.00,,,,14.14,10.00,2.00,.46,.32,.00,.00,.00,.00,.00,.00,.00
"AK",29110.00,2,0,0,10.65,7.53,.00,.00,.00,.00,.00,.00,.00,.00,.00,.00,,,,12.90,9.12,.00,.00,.00,.00,.00,.00,.00,.00,.00,.00
"AK",29120.00,2,0,0,11.15,7.88,.00,.00,.00,.00,.00,.00,.00,.00,.00,.00,,,,13.60,9.62,.00,.00,.00,.00,.00,.00,.00,.00,.00,.00
"AK",29130.00,2,0,0,12.68,8.96,.00,.00,.00,.00,.00,.00,.00,.00,.00,.00,,,,14.14,10.00,2.00,2.99,2.12,.00,.00,.00,.00,.00,.00,.00
"AK",29140.00,2,0,0,14.14,10.00,.86,.00,.00,.00,.00,.00,.00,.00,.00,.00,,,,14.14,10.00,2.00,4.36,3.08,.00,.00,.00,.00,.00,.00,.00
"AK",29150.00,2,0,0,14.14,10.00,2.00,1.46,1.03,.00,.00,.00,.00,.00,.00,.00,,,,14.14,10.00,2.00,4.93,3.48,.00,.00,.00,.00,.00,.00,.00
"AK",29160.00,2,0,0,14.14,10.00,2.00,2.96,2.09,.00,.00,.00,.00,.00,.00,.00,,,,14.14,10.00,2.00,6.40,4.52,.00,.00,.00,.00,.00,.00,.00
"AK",29170.00,2,0,0,14.14,10.00,2.00,4.48,3.17,.00,.00,.00,.00,.00,.00,.00,,,,14.14,10.00,2.00,8.09,5.72,.00,.00,.00,.00,.00,.00,.00
"AK",29180.00,2,0,0,14.14,10.00,2.00,6.01,4.25,.00,.00,.00,.00,.00,.00,.00,,,,14.14,10.00,2.00,9.79,6.92,.00,.00,.00,.00,.00,.00,.00
"AK",29190.00,2,0,0,14.14,10.00,2.00,7.57,5.35,.00,.00,.00,.00,.00,.00,.00,,,,14.14,10.00,2.00,10.12,7.15,.00,.00,.00,.00,.00,.00,.00
"AK",29200.00,2,0,0,14.14,10.00,2.00,7.20,5.09,.00,.00,.00,.00,.00,.00,.00,,,,14.14,10.00,2.00,10.14,7.17,.00,.00,.00,.00,.00,.00,.00
"AK",29210.00,2,0,0,14.14,10.00,2.00,6.60,4.67,.00,.00,.00,.00,.00,.00,.00,,,,14.14,10.00,2.00,10.16,7.18,.00,.00,.00,.00,.00,.00,.00
"AK",29220.00,2,0,0,14.14,10.00,2.00,6.01,4.24,.00,.00,.00,.00,.00,.00,.00,,,,14.14,10.00,2.00,10.18,7.20,.00,.00,.00,.00,.00,.00,.00
"AK",29230.00,2,0,0,14.14,10.00,2.00,5.41,3.82,.00,.00,.00,.00,.00,.00,.00,,,,14.14,10.00,2.00,10.21,7.21,.00,.00,.00,.00,.00,.00,.00
"AK",29240.00,2,0,0,14.14,10.00,2.00,4.81,3.40,.00,.00,.00,.00,.00,.00,.00,,,,14.14,10.00,2.00,10.04,7.10,.00,.00,.00,.00,.00,.00,.00
"AK",29250.00,2,0,0,14.14,10.00,2.00,4.22,2.98,.00,.00,.00,.00,.00,.00,.00,,,,14.14,10.00,2.00,9.35,6.61,.00,.00,.00,.00,.00,.00,.00
"AK",29260.00,2,0,0,14.14,10.00,2.00,3.61,2.55,.00,.00,.00,.00,.00,.00,.00,,,,14.14,10.00,2.00,8.61,6.08,.00,.00,.00,.00,.00,.00,.00
"AK",29270.00,2,0,0,14.14,10.00,2.00,2.86,2.02,.00,.00,.00,.00,.00,.00,.00,,,,14.14,10.00,2.00,7.73,5.47,.00,.00,.00,.00,.00,.00,.00
"AK",29280.00,2,0,0,14.14,10.00,2.00,2.10,1.49,.00,.00,.00,.00,.00,.00,.00,,,,14.14,10.00,2.00,6.74,4.77,.00,.00,.00,.00,.00,.00,.00
"AK",29290.00,2,0,0,14.14,10.00,2.00,1.42,1.00,.00,.00,.00,.00,.00,.00,.00,,,,14.14,10.00,2.00,5.39,3.81,.00,.00,.00,.00,.00,.00,.00
"AK",29300.00,2,0,0,14.14,10.00,2.00,1.29,.91,.00,.00,.00,.00,.00,.00,.00,,,,14.14,10.00,2.00,4.03,2.85,.00,.00,.00,.00,.00,.00,.00
"AK",29310.00,2,0,0,14.14,10.00,2.00,1.16,.82,.00,.00,.00,.00,.00,.00,.00,,,,14.14,10.00,2.00,3.16,2.23,.00,.00,.00,.00,.00,.00,.00
"AK",29320.00,2,0,0,14.14,10.00,2.00,1.00,.71,.00,.00,.00,.00,.00,.00,.00,,,,14.14,10.00,2.00,2.58,1.82,.00,.00,.00,.00,.00,.00,.00
"AK",29330.00,2,0,0,14.14,10.00,2.00,.84,.59,.00,.00,.00,.00,.00,.00,.00,,,,14.14,10.00,2.00,2.38,1.68,.00,.00,.00,.00,.00,.00,.00
"AK",29340.00,2,0,0,14.14,10.00,2.00,.67,.47,.00,.00,.00,.00,.00,.00,.00,,,,14.14,10.00,2.00,2.20,1.56,.00,.00,.00,.00,.00,.00,.00
"AK",29350.00,2,0,0,14.14,10.00,2.00,.51,.36,.00,.00,.00,.00,.00,.00,.00,,,,14.14,10.00,2.00,2.03,1.43,.00,.00,.00,.00,.00,.00,.00
"AK",29360.00,2,0,0,14.14,10.00,2.00,.32,.23,.00,.00,.00,.00,.00,.00,.00,,,,14.14,10.00,2.00,.18,.12,.00,.00,.00,.00,.00,.00,.00
"AK",29370.00,2,0,0,14.14,10.00,2.00,.03,.02,.00,.00,.00,.00,.00,.00,.00,,,,11.97,8.46,.00,.00,.00,.00,.00,.00,.00,.00,.00,.00
"AK",29380.00,2,0,0,10.89,7.70,.00,.00,.00,.00,.00,.00,.00,.00,.00,.00,,,,8.58,6.07,.00,.00,.00,.00,.00,.00,.00,.00,.00,.00
"AK",29390.00,2,0,0,6.48,4.58,.00,.00,.00,.00,.00,.00,.00,.00,.00,.00,,,,4.81,3.40,.00,.00,.00,.00,.00,.00,.00,.00,.00,.00
"AK",29400.00,2,0,0,2.39,1.69,.00,.00,.00,.00,.00,.00,.00,.00,.00,.00,,,,1.03,.73,.00,.00,.00,.00,.00,.00,.00,.00,.00,.00
"AK",29410.00,1,0,0,2.10,1.17,.00,.00,.00,.00,.00,.00,.00,.00,.00,.00,,,,3.93,2.18,.00,.00,.00,.00,.00,.00,.00,.00,.00,.00
"AK",29620.00,2,0,0,10.53,7.44,.00,.00,.00,.00,.00,.00,.00,.00,.00,.00,,,,12.32,8.71,.00,.00,.00,.00,.00,.00,.00,.00,.00,.00
"AK",29630.00,2,0,0,10.20,7.21,.00,.00,.00,.00,.00,.00,.00,.00,.00,.00,,,,12.09,8.55,.00,.00,.00,.00,.00,.00,.00,.00,.00,.00
"AK",29640.00,2,0,0,9.87,6.98,.00,.00,.00,.00,.00,.00,.00,.00,.00,.00,,,,11.74,8.30,.00,.00,.00,.00,.00,.00,.00,.00,.00,.00
"AK",29650.00,2,0,0,9.55,6.75,.00,.00,.00,.00,.00,.00,.00,.00,.00,.00,,,,11.38,8.05,.00,.00,.00,.00,.00,.00,.00,.00,.00,.00
"AK",29660.00,2,0,0,9.22,6.52,.00,.00,.00,.00,.00,.00,.00,.00,.00,.00,,,,10.99,7.77,.00,.00,.00,.00,.00,.00,.00,.00,.00,.00
"AK",29670.00,2,0,0,8.90,6.29,.00,.00,.00,.00,.00,.00,.00,.00,.00,.00,,,,10.49,7.41,.00,.00,.00,.00,.00,.00,.00,.00,.00,.00
"AK",29680.00,2,0,0,8.57,6.06,.00,.00,.00,.00,.00,.00,.00,.00,.00,.00,,,,9.99,7.06,.00,.00,.00,.00,.00,.00,.00,.00,.00,.00
"AK",29690.00,2,0,0,8.24,5.83,.00,.00,.00,.00,.00,.00,.00,.00,.00,.00,,,,9.49,6.71,.00,.00,.00,.00,.00,.00,.00,.00,.00,.00
"AK",29700.00,2,0,0,7.73,5.46,.00,.00,.00,.00,.00,.00,.00,.00,.00,.00,,,,8.20,5.79,.00,.00,.00,.00,.00,.00,.00,.00,.00,.00
"AK",29710.00,2,0,0,7.31,5.17,.00,.00,.00,.00,.00,.00,.00,.00,.00,.00,,,,7.42,5.24,.00,.00,.00,.00,.00,.00,.00,.00,.00,.00
"AK",29720.00,2,0,0,6.57,4.64,.00,.00,.00,.00,.00,.00,.00,.00,.00,.00,,,,7.32,5.18,.00,.00,.00,.00,.00,.00,.00,.00,.00,.00
"AK",29730.00,2,0,0,5.81,4.11,.00,.00,.00,.00,.00,.00,.00,.00,.00,.00,,,,7.24,5.12,.00,.00,.00,.00,.00,.00,.00,.00,.00,.00
"AK",29740.00,2,0,0,5.05,3.57,.00,.00,.00,.00,.00,.00,.00,.00,.00,.00,,,,7.16,5.06,.00,.00,.00,.00,.00,.00,.00,.00,.00,.00
"AK",29750.00,2,0,0,4.21,2.98,.00,.00,.00,.00,.00,.00,.00,.00,.00,.00,,,,6.13,4.33,.00,.00,.00,.00,.00,.00,.00,.00,.00,.00
"AK",29760.00,2,0,0,3.71,2.62,.00,.00,.00,.00,.00,.00,.00,.00,.00,.00,,,,4.85,3.43,.00,.00,.00,.00,.00,.00,.00,.00,.00,.00
"AK",29770.00,2,0,0,4.16,2.94,.00,.00,.00,.00,.00,.00,.00,.00,.00,.00,,,,4.28,3.02,.00,.00,.00,.00,.00,.00,.00,.00,.00,.00
"AK",29780.00,2,0,0,4.12,2.91,.00,.00,.00,.00,.00,.00,.00,.00,.00,.00,,,,4.91,3.47,.00,.00,.00,.00,.00,.00,.00,.00,.00,.00
"AK",29790.00,2,0,0,4.09,2.89,.00,.00,.00,.00,.00,.00,.00,.00,.00,.00,,,,5.55,3.92,.00,.00,.00,.00,.00,.00,.00,.00,.00,.00
"AK",29800.00,2,0,0,4.06,2.87,.00,.00,.00,.00,.00,.00,.00,.00,.00,.00,,,,6.17,4.36,.00,.00,.00,.00,.00,.00,.00,.00,.00,.00
"AK",30740.00,2,0,0,14.14,10.00,2.00,11.02,7.79,.00,.00,.00,.00,.00,.00,.00,,,,14.14,10.00,2.00,14.14,10.00,2.00,.95,.67,.00,.00,.00,.00
"AK",30750.00,2,0,0,14.14,10.00,2.00,12.49,8.83,.00,.00,.00,.00,.00,.00,.00,,,,14.14,10.00,2.00,14.14,10.00,2.00,2.15,1.52,.00,.00,.00,.00
"AK",30760.00,2,0,0,14.14,10.00,2.00,13.94,9.85,.00,.00,.00,.00,.00,.00,.00,,,,14.14,10.00,2.00,14.14,10.00,2.00,3.34,2.36,.00,.00,.00,.00
"AK",30770.00,2,0,0,14.14,10.00,2.00,14.14,10.00,2.00,1.09,.77,.00,.00,.00,.00,,,,14.14,10.00,2.00,14.14,10.00,2.00,4.54,3.21,.00,.00,.00,.00
"AK",30780.00,2,0,0,14.14,10.00,2.00,14.14,10.00,2.00,2.17,1.53,.00,.00,.00,.00,,,,14.14,10.00,2.00,14.14,10.00,2.00,5.44,3.85,.00,.00,.00,.00
"AK",30790.00,2,0,0,14.14,10.00,2.00,14.14,10.00,2.00,3.20,2.26,.00,.00,.00,.00,,,,14.14,10.00,2.00,14.14,10.00,2.00,6.47,4.58,.00,.00,.00,.00
"AK",30800.00,2,0,0,14.14,10.00,2.00,14.14,10.00,2.00,4.22,2.98,.00,.00,.00,.00,,,,14.14,10.00,2.00,14.14,10.00,2.00,7.63,5.39,.00,.00,.00,.00
"AK",30810.00,2,0,0,14.14,10.00,2.00,14.14,10.00,2.00,5.23,3.70,.00,.00,.00,.00,,,,14.14,10.00,2.00,14.14,10.00,2.00,8.77,6.20,.00,.00,.00,.00
"AK",30820.00,2,0,0,14.14,10.00,2.00,14.14,10.00,2.00,6.24,4.41,.00,.00,.00,.00,,,,14.14,10.00,2.00,14.14,10.00,2.00,9.89,6.99,.00,.00,.00,.00
"AK",30830.00,2,0,0,14.14,10.00,2.00,14.14,10.00,2.00,6.94,4.91,.00,.00,.00,.00,,,,14.14,10.00,2.00,14.14,10.00,2.00,10.11,7.15,.00,.00,.00,.00
"AK",30840.00,2,0,0,14.14,10.00,2.00,14.14,10.00,2.00,6.61,4.67,.00,.00,.00,.00,,,,14.14,10.00,2.00,14.14,10.00,2.00,9.90,7.00,.00,.00,.00,.00
"AK",30850.00,2,0,0,14.14,10.00,2.00,14.14,10.00,2.00,6.39,4.52,.00,.00,.00,.00,,,,14.14,10.00,2.00,14.14,10.00,2.00,9.73,6.88,.00,.00,.00,.00
"AK",30860.00,2,0,0,14.14,10.00,2.00,14.14,10.00,2.00,6.34,4.48,.00,.00,.00,.00,,,,14.14,10.00,2.00,14.14,10.00,2.00,9.55,6.75,.00,.00,.00,.00
"AK",31000.00,2,0,0,14.14,10.00,2.00,14.14,10.00,2.00,6.20,4.38,.00,.00,.00,.00,,,,14.14,10.00,2.00,14.14,10.00,2.00,9.51,6.72,.00,.00,.00,.00
"AK",31010.00,2,0,0,14.14,10.00,2.00,14.14,10.00,2.00,6.01,4.25,.00,.00,.00,.00,,,,14.14,10.00,2.00,14.14,10.00,2.00,9.48,6.70,.00,.00,.00,.00
"AK",31020.00,2,0,0,14.14,10.00,2.00,14.14,10.00,2.00,6.20,4.38,.00,.00,.00,.00,,,,14.14,10.00,2.00,14.14,10.00,2.00,9.45,6.68,.00,.00,.00,.00
"AK",31030.00,2,0,0,14.14,10.00,2.00,14.14,10.00,2.00,5.88,4.16,.00,.00,.00,.00,,,,14.14,10.00,2.00,14.14,10.00,2.00,8.87,6.27,.00,.00,.00,.00
"AK",31040.00,2,0,0,14.14,10.00,2.00,14.14,10.00,2.00,5.52,3.90,.00,.00,.00,.00,,,,14.14,10.00,2.00,14.14,10.00,2.00,8.28,5.85,.00,.00,.00,.00
"AK",31050.00,2,0,0,14.14,10.00,2.00,14.14,10.00,2.00,5.14,3.64,.00,.00,.00,.00,,,,14.14,10.00,2.00,14.14,10.00,2.00,7.82,5.53,.00,.00,.00,.00
"AK",31060.00,2,0,0,14.14,10.00,2.00,14.14,10.00,2.00,4.77,3.37,.00,.00,.00,.00,,,,14.14,10.00,2.00,14.14,10.00,2.00,7.42,5.25,.00,.00,.00,.00
"AK",31070.00,2,0,0,14.14,10.00,2.00,14.14,10.00,2.00,3.31,2.34,.00,.00,.00,.00,,,,14.14,10.00,2.00,14.14,10.00,2.00,7.02,4.96,.00,.00,.00,.00
"AK",31080.00,2,0,0,14.14,10.00,2.00,14.14,10.00,2.00,2.16,1.53,.00,.00,.00,.00,,,,14.14,10.00,2.00,14.14,10.00,2.00,5.60,3.96,.00,.00,.00,.00
"AK",31090.00,2,0,0,14.14,10.00,2.00,14.14,10.00,2.00,1.31,.93,.00,.00,.00,.00,,,,14.14,10.00,2.00,14.14,10.00,2.00,4.46,3.15,.00,.00,.00,.00
"AK",31100.00,2,0,0,14.14,10.00,2.00,14.14,10.00,2.00,.52,.37,.00,.00,.00,.00,,,,14.14,10.00,2.00,14.14,10.00,2.00,3.66,2.59,.00,.00,.00,.00
"AK",31110.00,2,0,0,14.14,10.00,2.00,14.03,9.92,.00,.00,.00,.00,.00,.00,.00,,,,14.14,10.00,2.00,14.14,10.00,2.00,3.52,2.49,.00,.00,.00,.00
"AK",31120.00,2,0,0,14.14,10.00,2.00,13.20,9.33,.00,.00,.00,.00,.00,.00,.00,,,,14.14,10.00,2.00,14.14,10.00,2.00,3.31,2.34,.00,.00,.00,.00
"AK",31130.00,2,0,0,14.14,10.00,2.00,12.36,8.74,.00,.00,.00,.00,.00,.00,.00,,,,14.14,10.00,2.00,14.14,10.00,2.00,2.62,1.85,.00,.00,.00,.00
"AK",31140.00,2,0,0,14.14,10.00,2.00,12.43,8.79,.00,.00,.00,.00,.00,.00,.00,,,,14.14,10.00,2.00,14.14,10.00,2.00,1.93,1.36,.00,.00,.00,.00
"AK",31150.00,2,0,0,14.14,10.00,2.00,12.01,8.49,.00,.00,.00,.00,.00,.00,.00,,,,14.14,10.00,2.00,14.14,10.00,2.00,1.23,.87,.00,.00,.00,.00
"AK",31160.00,2,0,0,14.14,10.00,2.00,11.34,8.01,.00,.00,.00,.00,.00,.00,.00,,,,14.14,10.00,2.00,14.14,10.00,2.00,.13,.09,.00,.00,.00,.00
"AK",31170.00,2,0,0,14.14,10.00,2.00,10.67,7.54,.00,.00,.00,.00,.00,.00,.00,,,,14.14,10.00,2.00,13.04,9.22,.00,.00,.00,.00,.00,.00,.00
"AK",31180.00,2,0,0,14.14,10.00,2.00,10.00,7.07,.00,.00,.00,.00,.00,.00,.00,,,,14.14,10.00,2.00,12.14,8.58,.00,.00,.00,.00,.00,.00,.00
"AK",31190.00,2,0,0,14.14,10.00,2.00,9.32,6.59,.00,.00,.00,.00,.00,.00,.00,,,,14.14,10.00,2.00,11.78,8.33,.00,.00,.00,.00,.00,.00,.00
"AK",31200.00,2,0,0,14.14,10.00,2.00,8.43,5.96,.00,.00,.00,.00,.00,.00,.00,,,,14.14,10.00,2.00,11.43,8.08,.00,.00,.00,.00,.00,.00,.00
"AK",31210.00,2,0,0,14.14,10.00,2.00,8.49,6.00,.00,.00,.00,.00,.00,.00,.00,,,,14.14,10.00,2.00,11.08,7.83,.00,.00,.00,.00,.00,.00,.00
"AK",31220.00,2,0,0,14.14,10.00,2.00,8.42,5.96,.00,.00,.00,.00,.00,.00,.00,,,,14.14,10.00,2.00,10.74,7.59,.00,.00,.00,.00,.00,.00,.00
"AK",31230.00,2,0,0,14.14,10.00,2.00,8.07,5.70,.00,.00,.00,.00,.00,.00,.00,,,,14.14,10.00,2.00,10.42,7.37,.00,.00,.00,.00,.00,.00,.00
"AK",31240.00,2,0,0,14.14,10.00,2.00,7.68,5.43,.00,.00,.00,.00,.00,.00,.00,,,,14.14,10.00,2.00,10.11,7.15,.00,.00,.00,.00,.00,.00,.00
"AK",31250.00,2,0,0,14.14,10.00,2.00,8.69,6.14,.00,.00,.00,.00,.00,.00,.00,,,,14.14,10.00,2.00,9.82,6.94,.00,.00,.00,.00,.00,.00,.00
"AK",31260.00,2,0,0,14.14,10.00,2.00,10.42,7.37,.00,.00,.00,.00,.00,.00,.00,,,,14.14,10.00,2.00,10.56,7.47,.00,.00,.00,.00,.00,.00,.00
"AK",31270.00,2,0,0,14.14,10.00,2.00,12.14,8.58,.00,.00,.00,.00,.00,.00,.00,,,,14.14,10.00,2.00,14.14,10.00,2.00,1.39,.98,.00,.00,.00,.00
"AK",31280.00,2,0,0,14.14,10.00,2.00,13.84,9.79,.00,.00,.00,.00,.00,.00,.00,,,,14.14,10.00,2.00,14.14,10.00,2.00,6.71,4.74,.00,.00,.00,.00
"AK",31290.00,2,0,0,14.14,10.00,2.00,14.14,10.00,2.00,1.15,.81,.00,.00,.00,.00,,,,14.14,10.00,2.00,14.14,10.00,2.00,12.12,8.57,.00,.00,.00,.00
"AK",31300.00,2,0,0,14.14,10.00,2.00,14.14,10.00,2.00,2.88,2.04,.00,.00,.00,.00,,,,14.14,10.00,2.00,14.14,10.00,2.00,13.70,9.69,.00,.00,.00,.00
"AK",31310.00,2,0,0,14.14,10.00,2.00,14.14,10.00,2.00,4.63,3.27,.00,.00,.00,.00,,,,14.14,10.00,2.00,14.14,10.00,2.00,13.89,9.82,.00,.00,.00,.00
"AK",31320.00,2,0,0,14.14,10.00,2.00,14.14,10.00,2.00,6.37,4.50,.00,.00,.00,.00,,,,14.14,10.00,2.00,14.14,10.00,2.00,14.09,9.96,.00,.00,.00,.00
"AK",31330.00,2,0,0,14.14,10.00,2.00,14.14,10.00,2.00,7.92,5.60,.00,.00,.00,.00,,,,14.14,10.00,2.00,14.14,10.00,2.00,14.14,10.00,2.00,.25,.18,.00
"AK",31340.00,2,0,0,14.14,10.00,2.00,14.14,10.00,2.00,9.58,6.77,.00,.00,.00,.00,,,,14.14,10.00,2.00,14.14,10.00,2.00,14.14,10.00,2.00,.24,.17,.00
"AK",31350.00,2,0,0,14.14,10.00,2.00,14.14,10.00,2.00,8.93,6.31,.00,.00,.00,.00,,,,14.14,10.00,2.00,14.14,10.00,2.00,13.13,9.28,.00,.00,.00,.00
"AK",31360.00,2,0,0,14.14,10.00,2.00,14.14,10.00,2.00,8.65,6.12,.00,.00,.00,.00,,,,14.14,10.00,2.00,14.14,10.00,2.00,12.02,8.50,.00,.00,.00,.00
"AK",31370.00,2,0,0,14.14,10.00,2.00,14.14,10.00,2.00,8.45,5.97,.00,.00,.00,.00,,,,14.14,10.00,2.00,14.14,10.00,2.00,10.95,7.74,.00,.00,.00,.00
"AK",31380.00,2,0,0,14.14,10.00,2.00,14.14,10.00,2.00,8.24,5.82,.00,.00,.00,.00,,,,14.14,10.00,2.00,14.14,10.00,2.00,10.02,7.09,.00,.00,.00,.00
"AK",31390.00,2,0,0,14.14,10.00,2.00,14.14,10.00,2.00,7.18,5.08,.00,.00,.00,.00,,,,14.14,10.00,2.00,14.14,10.00,2.00,9.18,6.49,.00,.00,.00,.00
"AK",31400.00,2,0,0,14.14,10.00,2.00,14.14,10.00,2.00,4.18,2.96,.00,.00,.00,.00,,,,14.14,10.00,2.00,14.14,10.00,2.00,8.28,5.85,.00,.00,.00,.00
"AK",31410.00,2,0,0,14.14,10.00,2.00,14.14,10.00,2.00,1.20,.85,.00,.00,.00,.00,,,,14.14,10.00,2.00,14.14,10.00,2.00,7.55,5.34,.00,.00,.00,.00
"AK",31420.00,2,0,0,14.14,10.00,2.00,12.58,8.89,.00,.00,.00,.00,.00,.00,.00,,,,14.14,10.00,2.00,14.14,10.00,2.00,7.01,4.96,.00,.00,.00,.00
"AK",31430.00,2,0,0,14.14,10.00,2.00,10.01,7.08,.00,.00,.00,.00,.00,.00,.00,,,,14.14,10.00,2.00,14.14,10.00,2.00,6.48,4.58,.00,.00,.00,.00
"AK",31440.00,2,0,0,14.14,10.00,2.00,10.04,7.09,.00,.00,.00,.00,.00,.00,.00,,,,14.14,10.00,2.00,14.14,10.00,2.00,5.95,4.21,.00,.00,.00,.00
"AK",31450.00,2,0,0,14.14,10.00,2.00,10.46,7.40,.00,.00,.00,.00,.00,.00,.00,,,,14.14,10.00,2.00,14.14,10.00,2.00,5.42,3.83,.00,.00,.00,.00
"AK",31460.00,2,0,0,14.14,10.00,2.00,11.70,8.27,.00,.00,.00,.00,.00,.00,.00,,,,14.14,10.00,2.00,14.14,10.00,2.00,4.90,3.47,.00,.00,.00,.00
"AK",31470.00,2,0,0,14.14,10.00,2.00,14.14,10.00,1.50,.00,.00,.00,.00,.00,.00,,,,14.14,10.00,2.00,14.14,10.00,2.00,4.39,3.10,.00,.00,.00,.00
"AK",31480.00,2,0,0,14.14,10.00,2.00,13.47,9.52,.00,.00,.00,.00,.00,.00,.00,,,,14.14,10.00,2.00,14.14,10.00,2.00,3.47,2.45,.00,.00,.00,.00
"AK",31490.00,2,0,0,14.14,10.00,2.00,12.65,8.94,.00,.00,.00,.00,.00,.00,.00,,,,14.14,10.00,2.00,14.14,10.00,2.00,2.28,1.61,.00,.00,.00,.00
"AK",31500.00,2,0,0,14.14,10.00,2.00,11.83,8.37,.00,.00,.00,.00,.00,.00,.00,,,,14.14,10.00,2.00,13.29,9.40,.00,.00,.00,.00,.00,.00,.00
"AK",31510.00,2,0,0,14.14,10.00,2.00,10.85,7.67,.00,.00,.00,.00,.00,.00,.00,,,,14.14,10.00,2.00,12.37,8.74,.00,.00,.00,.00,.00,.00,.00
"AK",31670.00,2,0,0,10.63,7.52,.00,.00,.00,.00,.00,.00,.00,.00,.00,.00,,,,14.14,10.00,2.00,4.13,2.92,.00,.00,.00,.00,.00,.00,.00
"AK",31680.00,2,0,0,10.31,7.29,.00,.00,.00,.00,.00,.00,.00,.00,.00,.00,,,,14.14,10.00,2.00,4.76,3.37,.00,.00,.00,.00,.00,.00,.00
"AK",31690.00,2,0,0,9.94,7.03,.00,.00,.00,.00,.00,.00,.00,.00,.00,.00,,,,14.14,10.00,2.00,4.47,3.16,.00,.00,.00,.00,.00,.00,.00
"AK",31700.00,2,0,0,9.57,6.77,.00,.00,.00,.00,.00,.00,.00,.00,.00,.00,,,,14.14,10.00,2.00,3.79,2.68,.00,.00,.00,.00,.00,.00,.00
"AK",31710.00,2,0,0,8.72,6.17,.00,.00,.00,.00,.00,.00,.00,.00,.00,.00,,,,14.14,10.00,2.00,2.50,1.77,.00,.00,.00,.00,.00,.00,.00
"AK",31720.00,2,0,0,9.34,6.60,.00,.00,.00,.00,.00,.00,.00,.00,.00,.00,,,,14.14,10.00,2.00,1.24,.87,.00,.00,.00,.00,.00,.00,.00
"AK",31730.00,2,0,0,10.98,7.76,.00,.00,.00,.00,.00,.00,.00,.00,.00,.00,,,,14.14,10.00,2.00,.67,.47,.00,.00,.00,.00,.00,.00,.00
"AK",31740.00,2,0,0,12.62,8.92,.00,.00,.00,.00,.00,.00,.00,.00,.00,.00,,,,13.89,9.82,.00,.00,.00,.00,.00,.00,.00,.00,.00,.00
"AK",31750.00,2,0,0,13.91,9.84,.00,.00,.00,.00,.00,.00,.00,.00,.00,.00,,,,14.09,9.96,.00,.00,.00,.00,.00,.00,.00,.00,.00,.00
"AK",31760.00,2,0,0,14.14,10.00,2.00,.03,.02,.00,.00,.00,.00,.00,.00,.00,,,,14.14,10.00,2.00,.47,.33,.00,.00,.00,.00,.00,.00,.00
"AK",31770.00,2,0,0,13.99,9.89,.00,.00,.00,.00,.00,.00,.00,.00,.00,.00,,,,14.14,10.00,2.00,.98,.69,.00,.00,.00,.00,.00,.00,.00
"AK",31780.00,2,0,0,13.73,9.71,.00,.00,.00,.00,.00,.00,.00,.00,.00,.00,,,,14.14,10.00,2.00,1.13,.80,.00,.00,.00,.00,.00,.00,.00
"AK",31790.00,2,0,0,13.47,9.52,.00,.00,.00,.00,.00,.00,.00,.00,.00,.00,,,,14.14,10.00,2.00,.86,.60,.00,.00,.00,.00,.00,.00,.00
"AK",30870.00,2,0,0,14.14,10.00,2.00,14.14,10.00,2.00,6.29,4.44,.00,.00,.00,.00,,,,14.14,10.00,2.00,14.14,10.00,2.00,9.46,6.68,.00,.00,.00,.00
"AK",30880.00,2,0,0,14.14,10.00,2.00,14.14,10.00,2.00,6.23,4.41,.00,.00,.00,.00,,,,14.14,10.00,2.00,14.14,10.00,2.00,9.64,6.81,.00,.00,.00,.00
"AK",30890.00,2,0,0,14.14,10.00,2.00,14.14,10.00,2.00,6.18,4.37,.00,.00,.00,.00,,,,14.14,10.00,2.00,14.14,10.00,2.00,9.82,6.94,.00,.00,.00,.00
"AK",30900.00,2,0,0,14.14,10.00,2.00,14.14,10.00,2.00,6.14,4.34,.00,.00,.00,.00,,,,14.14,10.00,2.00,14.14,10.00,2.00,10.00,7.07,.00,.00,.00,.00
"AK",30910.00,2,0,0,14.14,10.00,2.00,14.14,10.00,2.00,6.03,4.26,.00,.00,.00,.00,,,,14.14,10.00,2.00,14.14,10.00,2.00,10.17,7.19,.00,.00,.00,.00
"AK",30920.00,2,0,0,14.14,10.00,2.00,14.14,10.00,2.00,5.34,3.78,.00,.00,.00,.00,,,,14.14,10.00,2.00,14.14,10.00,2.00,10.19,7.21,.00,.00,.00,.00
"AK",30930.00,2,0,0,14.14,10.00,2.00,14.14,10.00,2.00,4.85,3.43,.00,.00,.00,.00,,,,14.14,10.00,2.00,14.14,10.00,2.00,10.17,7.19,.00,.00,.00,.00
"AK",30940.00,2,0,0,14.14,10.00,2.00,14.14,10.00,2.00,5.50,3.89,.00,.00,.00,.00,,,,14.14,10.00,2.00,14.14,10.00,2.00,10.04,7.09,.00,.00,.00,.00
"AK",30950.00,2,0,0,14.14,10.00,2.00,14.14,10.00,2.00,6.40,4.52,.00,.00,.00,.00,,,,14.14,10.00,2.00,14.14,10.00,2.00,9.90,7.00,.00,.00,.00,.00
"AK",30960.00,2,0,0,14.14,10.00,2.00,14.14,10.00,2.00,7.23,5.11,.00,.00,.00,.00,,,,14.14,10.00,2.00,14.14,10.00,2.00,9.80,6.93,.00,.00,.00,.00
"AK",30970.00,2,0,0,14.14,10.00,2.00,14.14,10.00,2.00,7.18,5.07,.00,.00,.00,.00,,,,14.14,10.00,2.00,14.14,10.00,2.00,9.74,6.88,.00,.00,.00,.00
"AK",30980.00,2,0,0,14.14,10.00,2.00,14.14,10.00,2.00,6.90,4.88,.00,.00,.00,.00,,,,14.14,10.00,2.00,14.14,10.00,2.00,9.67,6.84,.00,.00,.00,.00
"AK",30990.00,2,0,0,14.14,10.00,2.00,14.14,10.00,2.00,6.55,4.63,.00,.00,.00,.00,,,,14.14,10.00,2.00,14.14,10.00,2.00,9.58,6.77,.00,.00,.00,.00
"AK",31800.00,2,0,0,13.21,9.34,.00,.00,.00,.00,.00,.00,.00,.00,.00,.00,,,,14.14,10.00,2.00,.54,.38,.00,.00,.00,.00,.00,.00,.00
"AK",31810.00,2,0,0,12.95,9.15,.00,.00,.00,.00,.00,.00,.00,.00,.00,.00,,,,14.14,10.00,2.00,.18,.13,.00,.00,.00,.00,.00,.00,.00
"AK",31820.00,2,0,0,12.68,8.97,.00,.00,.00,.00,.00,.00,.00,.00,.00,.00,,,,13.89,9.82,.00,.00,.00,.00,.00,.00,.00,.00,.00,.00
"AK",31830.00,2,0,0,12.36,8.74,.00,.00,.00,.00,.00,.00,.00,.00,.00,.00,,,,13.54,9.57,.00,.00,.00,.00,.00,.00,.00,.00,.00,.00
"AK",33250.00,2,0,0,.22,.15,.00,.00,.00,.00,.00,.00,.00,.00,.00,.00,,,,.58,.41,.00,.00,.00,.00,.00,.00,.00,.00,.00,.00
"AK",33260.00,2,0,0,.42,.29,.00,.00,.00,.00,.00,.00,.00,.00,.00,.00,,,,.69,.49,.00,.00,.00,.00,.00,.00,.00,.00,.00,.00
"AK",33270.00,2,0,0,.59,.41,.00,.00,.00,.00,.00,.00,.00,.00,.00,.00,,,,.80,.57,.00,.00,.00,.00,.00,.00,.00,.00,.00,.00
"AK",33280.00,2,0,0,.75,.53,.00,.00,.00,.00,.00,.00,.00,.00,.00,.00,,,,.92,.65,.00,.00,.00,.00,.00,.00,.00,.00,.00,.00
"AK",33290.00,2,0,0,.90,.64,.00,.00,.00,.00,.00,.00,.00,.00,.00,.00,,,,1.03,.73,.00,.00,.00,.00,.00,.00,.00,.00,.00,.00
"AK",33300.00,2,0,0,1.02,.72,.00,.00,.00,.00,.00,.00,.00,.00,.00,.00,,,,1.14,.81,.00,.00,.00,.00,.00,.00,.00,.00,.00,.00
"AK",33310.00,2,0,0,1.13,.80,.00,.00,.00,.00,.00,.00,.00,.00,.00,.00,,,,1.25,.89,.00,.00,.00,.00,.00,.00,.00,.00,.00,.00
"AK",33320.00,2,0,0,1.24,.87,.00,.00,.00,.00,.00,.00,.00,.00,.00,.00,,,,1.37,.96,.00,.00,.00,.00,.00,.00,.00,.00,.00,.00
"AK",33330.00,2,0,0,1.69,1.19,.00,.00,.00,.00,.00,.00,.00,.00,.00,.00,,,,1.82,1.29,.00,.00,.00,.00,.00,.00,.00,.00,.00,.00
"AK",33340.00,2,0,0,2.14,1.51,.00,.00,.00,.00,.00,.00,.00,.00,.00,.00,,,,2.28,1.61,.00,.00,.00,.00,.00,.00,.00,.00,.00,.00
"AK",33350.00,2,0,0,2.59,1.83,.00,.00,.00,.00,.00,.00,.00,.00,.00,.00,,,,2.73,1.93,.00,.00,.00,.00,.00,.00,.00,.00,.00,.00
"AK",33360.00,2,0,0,3.04,2.15,.00,.00,.00,.00,.00,.00,.00,.00,.00,.00,,,,3.18,2.25,.00,.00,.00,.00,.00,.00,.00,.00,.00,.00
"AK",33370.00,2,0,0,3.49,2.46,.00,.00,.00,.00,.00,.00,.00,.00,.00,.00,,,,3.64,2.57,.00,.00,.00,.00,.00,.00,.00,.00,.00,.00
"AK",33380.00,2,0,0,3.94,2.78,.00,.00,.00,.00,.00,.00,.00,.00,.00,.00,,,,4.09,2.89,.00,.00,.00,.00,.00,.00,.00,.00,.00,.00
"AK",33390.00,2,0,0,4.39,3.10,.00,.00,.00,.00,.00,.00,.00,.00,.00,.00,,,,4.55,3.21,.00,.00,.00,.00,.00,.00,.00,.00,.00,.00
"AK",33400.00,2,0,0,4.83,3.42,.00,.00,.00,.00,.00,.00,.00,.00,.00,.00,,,,5.00,3.53,.00,.00,.00,.00,.00,.00,.00,.00,.00,.00
"AK",33410.00,2,0,0,5.28,3.73,.00,.00,.00,.00,.00,.00,.00,.00,.00,.00,,,,5.45,3.86,.00,.00,.00,.00,.00,.00,.00,.00,.00,.00
"AK",33420.00,2,0,0,5.73,4.05,.00,.00,.00,.00,.00,.00,.00,.00,.00,.00,,,,5.91,4.18,.00,.00,.00,.00,.00,.00,.00,.00,.00,.00
"AK",33430.00,2,0,0,6.18,4.37,.00,.00,.00,.00,.00,.00,.00,.00,.00,.00,,,,6.36,4.50,.00,.00,.00,.00,.00,.00,.00,.00,.00,.00
"AK",33440.00,2,0,0,6.63,4.69,.00,.00,.00,.00,.00,.00,.00,.00,.00,.00,,,,6.82,4.82,.00,.00,.00,.00,.00,.00,.00,.00,.00,.00
"AK",33450.00,2,0,0,7.08,5.01,.00,.00,.00,.00,.00,.00,.00,.00,.00,.00,,,,7.27,5.14,.00,.00,.00,.00,.00,.00,.00,.00,.00,.00
"AK",36800.02,2,0,0,14.14,10.00,2.00,8.34,5.90,.00,.00,.00,.00,.00,.00,.00,,,,14.14,10.00,2.00,13.88,9.81,.00,.00,.00,.00,.00,.00,.00
"AK",36810.02,2,0,0,14.14,10.00,2.00,7.73,5.47,.00,.00,.00,.00,.00,.00,.00,,,,14.14,10.00,2.00,13.18,9.32,.00,.00,.00,.00,.00,.00,.00
"AK",36820.02,2,0,0,14.14,10.00,2.00,7.12,5.04,.00,.00,.00,.00,.00,.00,.00,,,,14.14,10.00,2.00,12.49,8.83,.00,.00,.00,.00,.00,.00,.00
"AK",36830.02,2,0,0,14.14,10.00,2.00,6.52,4.61,.00,.00,.00,.00,.00,.00,.00,,,,14.14,10.00,2.00,11.79,8.34,.00,.00,.00,.00,.00,.00,.00
"AK",36840.02,2,0,0,14.14,10.00,2.00,5.91,4.18,.00,.00,.00,.00,.00,.00,.00,,,,14.14,10.00,2.00,11.09,7.84,.00,.00,.00,.00,.00,.00,.00
"AK",36850.02,2,0,0,14.14,10.00,2.00,5.31,3.75,.00,.00,.00,.00,.00,.00,.00,,,,14.14,10.00,2.00,10.39,7.35,.00,.00,.00,.00,.00,.00,.00
"AK",36860.02,2,0,0,14.14,10.00,2.00,4.70,3.32,.00,.00,.00,.00,.00,.00,.00,,,,14.14,10.00,2.00,9.70,6.85,.00,.00,.00,.00,.00,.00,.00
"AK",36870.02,2,0,0,14.14,10.00,2.00,4.10,2.90,.00,.00,.00,.00,.00,.00,.00,,,,14.14,10.00,2.00,9.00,6.36,.00,.00,.00,.00,.00,.00,.00
"AK",36880.02,2,0,0,14.14,10.00,2.00,3.49,2.47,.00,.00,.00,.00,.00,.00,.00,,,,14.14,10.00,2.00,8.30,5.87,.00,.00,.00,.00,.00,.00,.00
"AK",36890.02,2,0,0,14.14,10.00,2.00,2.89,2.04,.00,.00,.00,.00,.00,.00,.00,,,,14.14,10.00,2.00,7.60,5.37,.00,.00,.00,.00,.00,.00,.00
"AK",36900.02,2,0,0,14.14,10.00,2.00,2.44,1.73,.00,.00,.00,.00,.00,.00,.00,,,,14.14,10.00,2.00,6.94,4.91,.00,.00,.00,.00,.00,.00,.00
"AK",36910.02,2,0,0,14.14,10.00,2.00,2.50,1.76,.00,.00,.00,.00,.00,.00,.00,,,,14.14,10.00,2.00,7.01,4.95,.00,.00,.00,.00,.00,.00,.00
"AK",36920.02,2,0,0,14.14,10.00,2.00,2.55,1.80,.00,.00,.00,.00,.00,.00,.00,,,,14.14,10.00,2.00,7.07,5.00,.00,.00,.00,.00,.00,.00,.00
"AK",36930.02,2,0,0,14.14,10.00,2.00,2.61,1.84,.00,.00,.00,.00,.00,.00,.00,,,,14.14,10.00,2.00,7.13,5.04,.00,.00,.00,.00,.00,.00,.00
"AK",36940.02,2,0,0,14.14,10.00,2.00,2.66,1.88,.00,.00,.00,.00,.00,.00,.00,,,,14.14,10.00,2.00,7.20,5.09,.00,.00,.00,.00,.00,.00,.00
"AK",36950.02,2,0,0,14.14,10.00,2.00,2.71,1.92,.00,.00,.00,.00,.00,.00,.00,,,,14.14,10.00,2.00,7.26,5.13,.00,.00,.00,.00,.00,.00,.00
"AK",36960.02,2,0,0,14.14,10.00,2.00,2.77,1.95,.00,.00,.00,.00,.00,.00,.00,,,,14.14,10.00,2.00,7.31,5.17,.00,.00,.00,.00,.00,.00,.00
"AK",36970.02,2,0,0,14.14,10.00,2.00,2.81,1.99,.00,.00,.00,.00,.00,.00,.00,,,,14.14,10.00,2.00,7.37,5.21,.00,.00,.00,.00,.00,.00,.00
"AK",36980.02,2,0,0,14.14,10.00,2.00,2.86,2.02,.00,.00,.00,.00,.00,.00,.00,,,,14.14,10.00,2.00,7.42,5.24,.00,.00,.00,.00,.00,.00,.00
"AK",36990.02,2,0,0,14.14,10.00,2.00,2.90,2.05,.00,.00,.00,.00,.00,.00,.00,,,,14.14,10.00,2.00,7.46,5.28,.00,.00,.00,.00,.00,.00,.00
"AK",37000.02,2,0,0,14.14,10.00,2.00,2.93,2.07,.00,.00,.00,.00,.00,.00,.00,,,,14.14,10.00,2.00,7.50,5.30,.00,.00,.00,.00,.00,.00,.00
"AK",37010.02,2,0,0,14.14,10.00,2.00,2.96,2.09,.00,.00,.00,.00,.00,.00,.00,,,,14.14,10.00,2.00,7.53,5.33,.00,.00,.00,.00,.00,.00,.00
"AK",37020.02,2,0,0,14.14,10.00,2.00,2.98,2.11,.00,.00,.00,.00,.00,.00,.00,,,,14.14,10.00,2.00,7.56,5.34,.00,.00,.00,.00,.00,.00,.00
"AK",37030.02,2,0,0,14.14,10.00,2.00,3.00,2.12,.00,.00,.00,.00,.00,.00,.00,,,,14.14,10.00,2.00,7.58,5.36,.00,.00,.00,.00,.00,.00,.00
"AK",37040.02,2,0,0,14.14,10.00,2.00,3.01,2.13,.00,.00,.00,.00,.00,.00,.00,,,,14.14,10.00,2.00,7.59,5.36,.00,.00,.00,.00,.00,.00,.00
"AK",37050.02,2,0,0,14.14,10.00,2.00,3.02,2.13,.00,.00,.00,.00,.00,.00,.00,,,,14.14,10.00,2.00,7.59,5.37,.00,.00,.00,.00,.00,.00,.00
"AK",37060.02,2,0,0,14.14,10.00,2.00,3.02,2.13,.00,.00,.00,.00,.00,.00,.00,,,,14.14,10.00,2.00,7.59,5.37,.00,.00,.00,.00,.00,.00,.00
"AK",37070.02,2,0,0,14.14,10.00,2.00,3.01,2.13,.00,.00,.00,.00,.00,.00,.00,,,,14.14,10.00,2.00,7.58,5.36,.00,.00,.00,.00,.00,.00,.00
"AK",37080.02,2,0,0,14.14,10.00,2.00,3.00,2.12,.00,.00,.00,.00,.00,.00,.00,,,,14.14,10.00,2.00,7.56,5.35,.00,.00,.00,.00,.00,.00,.00
"AK",37090.02,2,0,0,14.14,10.00,2.00,2.98,2.11,.00,.00,.00,.00,.00,.00,.00,,,,14.14,10.00,2.00,7.54,5.33,.00,.00,.00,.00,.00,.00,.00
"AK",37100.02,2,0,0,14.14,10.00,2.00,2.96,2.09,.00,.00,.00,.00,.00,.00,.00,,,,14.14,10.00,2.00,7.51,5.31,.00,.00,.00,.00,.00,.00,.00
"AK",37110.02,2,0,0,14.14,10.00,2.00,2.92,2.07,.00,.00,.00,.00,.00,.00,.00,,,,14.14,10.00,2.00,7.47,5.28,.00,.00,.00,.00,.00,.00,.00
"AK",37120.02,2,0,0,14.14,10.00,2.00,2.89,2.04,.00,.00,.00,.00,.00,.00,.00,,,,14.14,10.00,2.00,7.42,5.25,.00,.00,.00,.00,.00,.00,.00
"AK",37130.02,2,0,0,14.14,10.00,2.00,2.99,2.12,.00,.00,.00,.00,.00,.00,.00,,,,14.14,10.00,2.00,7.37,5.21,.00,.00,.00,.00,.00,.00,.00
"AK",37140.02,2,0,0,14.14,10.00,2.00,3.25,2.30,.00,.00,.00,.00,.00,.00,.00,,,,14.14,10.00,2.00,7.31,5.17,.00,.00,.00,.00,.00,.00,.00
"AK",37150.02,2,0,0,14.14,10.00,2.00,3.51,2.48,.00,.00,.00,.00,.00,.00,.00,,,,14.14,10.00,2.00,7.24,5.12,.00,.00,.00,.00,.00,.00,.00
"AK",37160.02,2,0,0,14.14,10.00,2.00,3.77,2.67,.00,.00,.00,.00,.00,.00,.00,,,,14.14,10.00,2.00,7.14,5.05,.00,.00,.00,.00,.00,.00,.00
"AK",37170.02,2,0,0,14.14,10.00,2.00,4.03,2.85,.00,.00,.00,.00,.00,.00,.00,,,,14.14,10.00,2.00,6.65,4.70,.00,.00,.00,.00,.00,.00,.00
"AK",37180.02,2,0,0,14.14,10.00,2.00,4.28,3.02,.00,.00,.00,.00,.00,.00,.00,,,,14.14,10.00,2.00,6.24,4.41,.00,.00,.00,.00,.00,.00,.00
"AK",37190.02,2,0,0,14.14,10.00,2.00,4.53,3.20,.00,.00,.00,.00,.00,.00,.00,,,,14.14,10.00,2.00,5.59,3.95,.00,.00,.00,.00,.00,.00,.00
"AK",37200.02,2,0,0,14.14,10.00,2.00,4.78,3.38,.00,.00,.00,.00,.00,.00,.00,,,,14.14,10.00,2.00,5.00,3.53,.00,.00,.00,.00,.00,.00,.00
"AK",37210.02,2,0,0,14.14,10.00,2.00,4.76,3.36,.00,.00,.00,.00,.00,.00,.00,,,,14.14,10.00,2.00,4.96,3.50,.00,.00,.00,.00,.00,.00,.00
"AK",37220.02,2,0,0,14.14,10.00,2.00,4.30,3.04,.00,.00,.00,.00,.00,.00,.00,,,,14.14,10.00,2.00,3.94,2.78,.00,.00,.00,.00,.00,.00,.00
"AK",37230.02,2,0,0,14.14,10.00,2.00,3.84,2.71,.00,.00,.00,.00,.00,.00,.00,,,,14.14,10.00,2.00,2.77,1.96,.00,.00,.00,.00,.00,.00,.00
"AK",37240.02,2,0,0,14.14,10.00,2.00,3.38,2.39,.00,.00,.00,.00,.00,.00,.00,,,,14.14,10.00,2.00,1.51,1.07,.00,.00,.00,.00,.00,.00,.00
"AK",37250.02,2,0,0,14.14,10.00,2.00,2.27,1.61,.00,.00,.00,.00,.00,.00,.00,,,,14.14,10.00,2.00,.25,.18,.00,.00,.00,.00,.00,.00,.00
"AK",37260.02,2,0,0,14.14,10.00,2.00,.96,.67,.00,.00,.00,.00,.00,.00,.00,,,,13.24,9.36,.00,.00,.00,.00,.00,.00,.00,.00,.00,.00
"AK",37270.02,2,0,0,13.67,9.67,.00,.00,.00,.00,.00,.00,.00,.00,.00,.00,,,,11.99,8.48,.00,.00,.00,.00,.00,.00,.00,.00,.00,.00
"AK",37280.02,2,0,0,12.35,8.73,.00,.00,.00,.00,.00,.00,.00,.00,.00,.00,,,,10.75,7.60,.00,.00,.00,.00,.00,.00,.00,.00,.00,.00
"AK",37290.02,2,0,0,11.03,7.80,.00,.00,.00,.00,.00,.00,.00,.00,.00,.00,,,,9.51,6.72,.00,.00,.00,.00,.00,.00,.00,.00,.00,.00
"AK",37300.02,2,0,0,9.71,6.86,.00,.00,.00,.00,.00,.00,.00,.00,.00,.00,,,,8.28,5.85,.00,.00,.00,.00,.00,.00,.00,.00,.00,.00
"AK",37310.02,2,0,0,8.38,5.92,.00,.00,.00,.00,.00,.00,.00,.00,.00,.00,,,,7.04,4.98,.00,.00,.00,.00,.00,.00,.00,.00,.00,.00
"AK",37320.02,2,0,0,7.06,4.99,.00,.00,.00,.00,.00,.00,.00,.00,.00,.00,,,,5.81,4.11,.00,.00,.00,.00,.00,.00,.00,.00,.00,.00
"AK",37330.00,2,0,0,7.06,4.99,.00,.00,.00,.00,.00,.00,.00,.00,.00,.00,,,,5.81,4.11,.00,.00,.00,.00,.00,.00,.00,.00,.00,.00
